Denominación Social Empresa Comercializadora;Denominación de la Oferta;Tipo de tarifa;Importe primeras facturas en Euros;Importe siguientes facturas en Euros;Validez;Servicios Adicionales Incluidos;Penalización;Verde;URL de la Oferta
ENERGYA VM GESTION DE ENERGÍA, S.L;Fórmula fija 3 PERIODOS;3 Precios fijos Revisión anual;39.82;39.82;Oferta válida solo para nuevos clientes;Ninguno;No;No;https://comparador.cnmc.gob.es/comparador/detalle/45C0D07B549A6D31FC1EEE539BA8449BF7B203458D7930EFC70D612FFB61A8D62528989F228F6BF58EF29D2205D4E86A88119489E824C821B6A893F3284DBB162F179FACA358266774A1C18F48BCB61FDE2D6EB67CB4AA263038532B52A0C9F7E170ADA2A25D8929721ED1ED5D55E8F3D4726F1D8F60A924F4989373C17072ECCBC2A8A5653D716FBC1447D2CD7EB0BEFA147CA49A36B27321CFB615B6273656ACCCF5E3C3FF4672716D0DE78CBE9938845CD9274E86AABB1D64FBFDFF5388CD3C00000000000000000000000000000000000088D8CFDAD2E5DA821F4DF93B3B810D4000000088B8
IBERDROLA CLIENTES, S.A.U.;2.0TD Plan Online 3 Precios (0-10kW);3 Precios fijos Revisión anual;40.66;40.66;Válido para clientes domésticos, pequeños negocios y comunidades de propietarios.;Ninguno;No;Sí;https://comparador.cnmc.gob.es/comparador/detalle/45C0D07B549A6D31FC1EEE539BA8449BF7B203458D7930EFC70D612FFB61A8D62528989F228F6BD08CFD3A49080BAF7D0656ACECC63392AACECF870BE9B8DD7C3FFE1D096473B315BBFBCD963B8C93D9517BB2A0D3B62E5989BF6FABEA81DE356121D98BE1E0E6E8556812C9063F553FD23F5F683F897D13641437E170EC6EC1EADE40ADD9938B36C2EAD0E29D23D3090256F80DF5EEF2F527B08F653F1C91D691194911E5125DAA6696927CABD91938845CD9274E86AABB1D64FBFDFF5388CD3C00000000000000000000000000000000000088D8CFDAD2E5DA821F4DF93B3B810D4000000088B8
ENDESA ENERGÍA S.A.U.;Conecta Endesa;1 Precio fijo Revisión anual;40.7;40.7;Oferta válida solo para nuevos clientes;Ninguno;No;No;https://comparador.cnmc.gob.es/comparador/detalle/45C0D07B549A6D31FC1EEE539BA8449BF7B203458D7930EFC70D612FFB61A8D62528989F228F6C0A97CF4EB72FE8DBB6FAD883855F05FD315A01CB364E74FFA47E747923411086F207C588C95363D63BE9D75550000F5AB40D1E53E6D2F989F1A00964BFA349AF6E062C000128AA344B81E4FB336539620C7FD9796FF58461C72D2A13F4648D1425EDDC59C6A8B1307C3764F10B71D929E8F11FFB6DF5390735E022270AB1C5A4DF8D65D09BF9A17938845CD9274E86AABB1D64FBFDFF5388CD3C00000000000000000000000000000000000088D8CFDAD2E5DA821F4DF93B3B810D4000000088B8
ENERGIA NUFRI SL;ENERGIA NUFRI - OPAL 3 PRECIOS;3 Precios fijos Revisión anual;40.7;40.7;Oferta válida solo para nuevos clientes;Ninguno;No;Sí;https://comparador.cnmc.gob.es/comparador/detalle/45C0D07B549A6D31FC1EEE539BA8449BF7B203458D7930EFC70D612FFB61A8D62528989F228F6BF841508C83EA67E03941734A26DD20D57F9DA6E33D6845A30E2C23870A9D4EF7B44C6B4420924EDB0FC56A9967B4EE3D8094BED68B910810877D285C15F140BC044A0640DC35C32DB04D2538DEB7EC090E20B496AE5886B25E2074052C3DC45EE98DF2DA890A6AE881E7AF363BA22AB4A30E70FA0D55369FE2E15499BACEC9F01767E247AFE9793938845CD9274E86AABB1D64FBFDFF5388CD3C00000000000000000000000000000000000088D8CFDAD2E5DA821F4DF93B3B810D4000000088B8
ALDERAAN ENERGIA, S.L.;Precio Fijo;1 Precio fijo Revisión anual;41.29;48.32;Válida sólo para consumidores domésticos;Ninguno;No;Sí;https://comparador.cnmc.gob.es/comparador/detalle/45C0D07B549A6D31FC1EEE539BA8449BF7B203458D7930EFC70D612FFB61A8D62528989F228F6C036A5F244C3DD3E9A477C8A416D2FCCDCD16A7C4FA88A22BE91419B6C2BB77BC58B5C0E66234FE603B6EB290FA4AE8547C934A09EE8B68A2D1EDE570FEF4C59A4B029CA58D56E9D7EF7BBA5C50CDFD920A3DA68C69AE396A2753A0CAFBC5BBA00915EE6CE59063DF0721766D6DA782ECF33C4F5258EF5AD6A9154ECD8F5608C5C9F9808596750B5938845CD9274E86AABB1D64FBFDFF5388CD3C00000000000000000000000000000000000088D8CFDAD2E5DA821F4DF93B3B810D4000000088B8
ENI PLENITUDE IBERIA, S.L.;Tarifa Fácil Plus;1 Precio fijo Revisión anual;41.44;41.44;Válida sólo para consumidores domésticos;Ninguno;No;Sí;https://comparador.cnmc.gob.es/comparador/detalle/45C0D07B549A6D31FC1EEE539BA8449BF7B203458D7930EFC70D612FFB61A8D62528989F228F6C12E40407E4655E4C5A7053ED6850D275173472BF2E75BE8E50C422F2446991CFDE7858F325E6FE208089F6000ED471BDA2CC460F851CD4D93557C869D3A9B5FD2314A5555638BF568F6B6D8F5E58214E15079220E928DC8772A7E9580974F129EB874E1D3277D6C85DD768672AECC7F59017FC7DCA54CAE982D0886DEF21BF115148A71FF0C82E7938845CD9274E86AABB1D64FBFDFF5388CD3C00000000000000000000000000000000000088D8CFDAD2E5DA821F4DF93B3B810D4000000088B8
ENERGIA NUFRI SL;ENERGIA NUFRI - OPAL 1 PRECIO;1 Precio fijo Revisión anual;41.45;41.45;Oferta válida solo para nuevos clientes;Ninguno;No;Sí;https://comparador.cnmc.gob.es/comparador/detalle/45C0D07B549A6D31FC1EEE539BA8449BF7B203458D7930EFC70D612FFB61A8D62528989F228F6BF836B190B59C0EF7FAFF953B8AD95BF8BD2FC27B9EB9FEDE8082D4933C5E62CD19842D16CBA0EE1591FCEF90DF1296B553DE07997274809169B5D6C3BD85B364969578D8C0E79A1CE09A0EC77D394479CB866D43EC75B59DB30784FBDF56014F7186C80B7A6BF11EC9BCA4F45CC18D5A04C7D8D58F6E55E5279D9187748BAB40306FE85A7D91669938845CD9274E86AABB1D64FBFDFF5388CD3C00000000000000000000000000000000000088D8CFDAD2E5DA821F4DF93B3B810D4000000088B8
IMAGINA ENERGIA;PLAN NOCHE Y FINDES DIGITAL;3 Precios fijos Revisión anual;41.5;41.5;Oferta válida solo para nuevos clientes;Ninguno;No;Sí;https://comparador.cnmc.gob.es/comparador/detalle/45C0D07B549A6D31FC1EEE539BA8449BF7B203458D7930EFC70D612FFB61A8D62528989F228F6C06DBEAC82FA4A735D3D2C760AC0BD060D6B7B55D6D0993E5D6F8B2C2A122098C87A1E998EC775E68036E965546ED497AFBD0B2D912CB56D9798D59D5A9D398F2DC8C756667AE3A4B468C011EECDE5104A242C6614638031DA06920CEEAE9F9A3F368CF8EA2F1E045BD15C9C8B07A874E441FA3272ACA3761600D8DBA5718FBCDAC5F886CE903153938845CD9274E86AABB1D64FBFDFF5388CD3C00000000000000000000000000000000000088D8CFDAD2E5DA821F4DF93B3B810D4000000088B8
TOTALENERGIES CLIENTES S.A.U.;A TU AIRE SIEMPRE + DIGITAL;1 Precio fijo Revisión anual;41.61;41.64;Oferta válida solo para nuevos clientes;Ninguno;No;Sí;https://comparador.cnmc.gob.es/comparador/detalle/45C0D07B549A6D31FC1EEE539BA8449BF7B203458D7930EFC70D612FFB61A8D62528989F228F6BC9FEDDD0F4AD2C59105F49A8A272B352AAFBD7931C5A0B8E0DC143A3BE8EB1678E259BD32941D2B037958C6E4CA1B022C0C4A7BA2C4EE169D45CC5D2F980A4F132E621D1EEC8E6F50F4A65653C141F11F82C0F243773E1AD2887568336CF2FFF22567F05DCCDF9535E7202507F54D1054595CA09B0C0695242BEB401B47821CD1D5A562D6A505A5938845CD9274E86AABB1D64FBFDFF5388CD3C00000000000000000000000000000000000088D8CFDAD2E5DA821F4DF93B3B810D4000000088B8
TOTALENERGIES CLIENTES S.A.U.;A TU AIRE PROGRAMA TU AHORRO + DIGITAL;3 Precios fijos Revisión anual;41.78;41.81;Oferta válida solo para nuevos clientes;Ninguno;No;Sí;https://comparador.cnmc.gob.es/comparador/detalle/45C0D07B549A6D31FC1EEE539BA8449BF7B203458D7930EFC70D612FFB61A8D62528989F228F6BCA141BC89149DE298CE305C5DA7A3D0C2FD7A06259B699172913E18B5B0C89BCC3B6182DD324943B3326827F5DE65F331A3216345E87F0680FEB6903AA57BFA00E4F3CA225653916AEB09247FF116E307D609DC9BB3983D67EB93495D09EB61E1264D4A3FA0AECE6CEC816D43D160BBA8222FA52AC8E2AC7B9463A2640FE5F2CEB4A4A07CF007F9938845CD9274E86AABB1D64FBFDFF5388CD3C00000000000000000000000000000000000088D8CFDAD2E5DA821F4DF93B3B810D4000000088B8
ENERGYA VM GESTION DE ENERGÍA, S.L;Fórmula Fija Única 24HORAS;1 Precio fijo Revisión anual;42.03;50.22;Oferta válida solo para nuevos clientes;Ninguno;No;No;https://comparador.cnmc.gob.es/comparador/detalle/45C0D07B549A6D31FC1EEE539BA8449BF7B203458D7930EFC70D612FFB61A8D62528989F228F6BEEC1194CF7D4E0208855D038977E075B935056324B82F7D055B8836F8C540CDB3F2CCCB724A6BE318B6F5BF72E7CA16D8122D52F150BD35AE4312B14FDBBD186E1C788206F4B0723E51A11CCA86C08E27A1EE78F3E737F3550D2A0B360EC47888B24A7A275477976C3678249DCB568A50DE858556DCE2F965F43D540E0C456967B955119A720D01938845CD9274E86AABB1D64FBFDFF5388CD3C00000000000000000000000000000000000088D8CFDAD2E5DA821F4DF93B3B810D4000000088B8
ENERGIA NUFRI SL;ENERGIA NUFRI - ECONOMICA TRES PRECIOS;3 Precios fijos Revisión anual;42.39;42.39;Oferta válida solo para nuevos clientes;Ninguno;No;Sí;https://comparador.cnmc.gob.es/comparador/detalle/45C0D07B549A6D31FC1EEE539BA8449BF7B203458D7930EFC70D612FFB61A8D62528989F228F6BC7E131A6DB117614A9400CBF8DB27B57EF1756EE7FA1F265D5068911A805A4EAB84138CB3D2B8B5828A509BB144A4001D85E268E2B9FE316E5A784795C137C8657EDF6147E36B89BAE9CECCECFD8BD87B36FD9A797443A8F128FB7A8E4A353EA38E8F7C5F33BB623ADDEF731189577F7BD857AC49BC1A41EF43ED75DB51904C219F38BEC62C4A47938845CD9274E86AABB1D64FBFDFF5388CD3C00000000000000000000000000000000000088D8CFDAD2E5DA821F4DF93B3B810D4000000088B8
IMAGINA ENERGIA;PLAN SIN HORAS DIGITAL;1 Precio fijo Revisión anual;42.48;42.48;Oferta válida solo para nuevos clientes;Ninguno;No;Sí;https://comparador.cnmc.gob.es/comparador/detalle/45C0D07B549A6D31FC1EEE539BA8449BF7B203458D7930EFC70D612FFB61A8D62528989F228F6C025639915848CC5351C73B283E70FE620DED753EDCD5723585E214F3D0577B68A05F704BC1B12A51751233B319CE047FF204ADD561A5A5B9CBAF9BF804086AB926AC4012C766BE22D74B72D869F0F90546926824B8A4FD50C6CB59D92C3BEC0DD85B95656978056252C26BBCCAD787B8E010DB9D8F7C87DFA4337EF26C84EAE854CA1E6E7983271938845CD9274E86AABB1D64FBFDFF5388CD3C00000000000000000000000000000000000088D8CFDAD2E5DA821F4DF93B3B810D4000000088B8
ENERGIA NUFRI SL;ENERGIA NUFRI - ECONOMICA UN PRECIO;1 Precio fijo Revisión anual;43.15;43.15;Oferta válida solo para nuevos clientes;Ninguno;No;Sí;https://comparador.cnmc.gob.es/comparador/detalle/45C0D07B549A6D31FC1EEE539BA8449BF7B203458D7930EFC70D612FFB61A8D62528989F228F6BC7EBD0A2A95FCEFCE781EACE29B64034B1853B561E50392A62AFD80576449115530976F8921CEC1DA66D84C39CEC978A0514DDCB44BC6A96036ED611B47F09DDC5A2837C9984E1AC7E50034031576516F60A20FA59270BA3BDA8A6B2318B16F9B0F0229501DA2FED660A0172F77615525BCC12E919A884D9AF829A6FFB5C237200EB85D9951CB71938845CD9274E86AABB1D64FBFDFF5388CD3C00000000000000000000000000000000000088D8CFDAD2E5DA821F4DF93B3B810D4000000088B8
CLEARVIEW ENERGY S.L.;CLARITY ENERGY - TARIFA OPTIMA FIJA - 1P (1024);1 Precio fijo Revisión anual;43.9;43.9;Válido para clientes domésticos, pequeños negocios y comunidades de propietarios.;Ninguno;No;Sí;https://comparador.cnmc.gob.es/comparador/detalle/45C0D07B549A6D31FC1EEE539BA8449BF7B203458D7930EFC70D612FFB61A8D62528989F228F6C130E7FF71D9EC1ED5377CC27D85FE5E820EC045DA92ED9A087695EC17D65427A499951A879AC813677ABE222315DCFDE55A72303E98EF2D5AC750ECB3557EB5AD9E6DAF5C3716399CE37C754E452BF8B1F70AF6BF0B420DA1F0BA57D3D13FD67CBA3F9596CF1BDEF3E83916EA66F3D6009325D0FC1F04DD46FDF94B7082E39D0ED288ED4BA2878F938845CD9274E86AABB1D64FBFDFF5388CD3C00000000000000000000000000000000000088D8CFDAD2E5DA821F4DF93B3B810D4000000088B8
HIDROELECTRICA DE SILLEDA COMERCIALIZADORA, S.L;Digital Integral 20TD;3 Precios fijos Revisión anual;44.03;44.03;Válida para nuevos clientes que cumplen ciertos requisitos (ver detalle de la oferta);Ninguno;No;No;https://comparador.cnmc.gob.es/comparador/detalle/45C0D07B549A6D31FC1EEE539BA8449BF7B203458D7930EFC70D612FFB61A8D62528989F228F6C06B16ED8F66B4394DACB4F263BFCBCEDCD0023BEF25078D3A05376F3682658E21C80F0E398B1DB520C4CAA332463EB5A48F5D5E4AE5938DD027013744825639525BA3FC5FA75960807BFA75966E3B2C797D9A9163EACBECAF40564A9B74AED66134C24526877F91EDC69A0C134F811E3CB054295332EB47672FE81713E0C810E107FA0B81FA2CAB938845CD9274E86AABB1D64FBFDFF5388CD3C00000000000000000000000000000000000088D8CFDAD2E5DA821F4DF93B3B810D4000000088B8
ENERGIA NUFRI SL;ENERGIA NUFRI - SMITH 3 PRECIOS;3 Precios fijos Revisión anual;44.21;44.21;Oferta válida solo para nuevos clientes;Ninguno;No;Sí;https://comparador.cnmc.gob.es/comparador/detalle/45C0D07B549A6D31FC1EEE539BA8449BF7B203458D7930EFC70D612FFB61A8D62528989F228F6BFE9A550AD0BD8AAD6E9F2A05651DC8C5B34B28D11390911BB85C533D4E38746E35F9945BE4D524E33C96F2B310BB3EA039C8425A8D9E0309539CEC68EE38B9FC953289792DEC4E39D2558EFC236A10A7DC55550C8EE77C0CA007509422C1589DA5D6889A45C1347793A0D0946FE035DD3B3F5EC94C518639CE60EA85B8EC2111219C410AC68C9AD938845CD9274E86AABB1D64FBFDFF5388CD3C00000000000000000000000000000000000088D8CFDAD2E5DA821F4DF93B3B810D4000000088B8
ENERGIA NUFRI SL;ENERGIA NUFRI - SMITH 1 PRECIO;1 Precio fijo Revisión anual;44.98;44.98;Oferta válida solo para nuevos clientes;Ninguno;No;Sí;https://comparador.cnmc.gob.es/comparador/detalle/45C0D07B549A6D31FC1EEE539BA8449BF7B203458D7930EFC70D612FFB61A8D62528989F228F6BFEA4F4069F0BE395ACE1081401218DA275B90D38B23ED7E04605A2311C776098D0C1D28939C685A8BA5F6DBB995D9628667EF997A6BA8A8871643E0146A4475402E716E1493A774AA208A56D84E8B8371EEF9C5F50CA4D214B203F9D6FA91BAD1DDDB369545FAE414BCBDAD64EC0D337D985F6EDCA3866F489A4AD97FF2F3FC108943AF7F8E4AD7938845CD9274E86AABB1D64FBFDFF5388CD3C00000000000000000000000000000000000088D8CFDAD2E5DA821F4DF93B3B810D4000000088B8
TOTALENERGIES CLIENTES S.A.U.;A TU AIRE PLAN VEHÍCULO ELÉCTRICO + DIGITAL;3 Precios fijos Revisión anual;45.07;45.11;Oferta válida solo para nuevos clientes;Ninguno;No;Sí;https://comparador.cnmc.gob.es/comparador/detalle/45C0D07B549A6D31FC1EEE539BA8449BF7B203458D7930EFC70D612FFB61A8D62528989F228F6BF6CD941F4F34401FB640174AD25936A6EA976CB88B9498C3B0065831D80305248AEBEB11839213DADD5C986EB982F69F6399B17C1CAA81AF753D0087FF3CEDC8049AB105208625E14AD113B88A670372F308F4462C55F0DEF9B7C5BFA88E19418093188B895FC45454054834C2ECA750FF67A3FCD6C47D18489DA91A1FA197E38380B6D9CDDEED5938845CD9274E86AABB1D64FBFDFF5388CD3C00000000000000000000000000000000000088D8CFDAD2E5DA821F4DF93B3B810D4000000088B8
TELECOR S.A. UNIPERSONAL;Despreocúpate +;1 Precio fijo Revisión anual;45.58;51.27;Válida sólo para consumidores domésticos;Ninguno;No;Sí;https://comparador.cnmc.gob.es/comparador/detalle/45C0D07B549A6D31FC1EEE539BA8449BF7B203458D7930EFC70D612FFB61A8D62528989F228F6BE07B76EFBE8D680CDFD36C96F26D7EB64FA56AF51153DFB1FA366BD267C6B39B42193FCD004CB4D0860A087F945702716B9C9B1556B5C08AE05B865E2D35E40B7729843BBE43D88CCC73E971A63AE060FACF105AB5AA8B6F67516C34097E2ABF41832166D053D2674991B9C65EE1F6E05F0BE74C3F9034AABC35B4B276931A381E5D7A5E00C7C91938845CD9274E86AABB1D64FBFDFF5388CD3C00000000000000000000000000000000000088D8CFDAD2E5DA821F4DF93B3B810D4000000088B8
TELECOR S.A. UNIPERSONAL;Benefíciate +;3 Precios fijos Revisión anual;45.95;51.63;Válida sólo para consumidores domésticos;Ninguno;No;Sí;https://comparador.cnmc.gob.es/comparador/detalle/45C0D07B549A6D31FC1EEE539BA8449BF7B203458D7930EFC70D612FFB61A8D62528989F228F6BE070D7F3F03F0F24A1918E885669B9D98D37868D72A598ED6C8D1CDE9987C770A751019FAB5B540B08418D770BB4AAE93EE5E3D83D99390BC29434C5D4CA56B40974F6D3A2F5AF7BFCC0D30044BC38D1B834C907F3C7BA5ABC387D2ABC9667AFC97BF697C1B5589D9166AF8480015985C0C54F27C1A953F000F1F1A0304FFB8837658070CE6FB67938845CD9274E86AABB1D64FBFDFF5388CD3C00000000000000000000000000000000000088D8CFDAD2E5DA821F4DF93B3B810D4000000088B8
IMAGINA ENERGIA;PLAN NOCHE Y FINDES + PRECIO SIN SUBIDAS 3 AÑOS;3 Precios fijos Revisión cada tres años;46.01;46.01;Válida sólo para consumidores domésticos;Ninguno;No;Sí;https://comparador.cnmc.gob.es/comparador/detalle/45C0D07B549A6D31FC1EEE539BA8449BF7B203458D7930EFC70D612FFB61A8D62528989F228F6BC658374209BE9C83A9BAF4A30127076FD53553F49071B7FD5B8E1FD4D8ED82C259503C3DF6488ECCFAAB417F54D3995361F5AAB98A804DB797D8B97494880EE37CD586088BEAC92DA9BAAE6BB88A85D313238AB1917C029257F52B50C72422ADDFDFC7D8D6541BFC0FA67BABE21EB9DEDD517D7E69632921E373A5B98D659555B81C6CA41C09F35938845CD9274E86AABB1D64FBFDFF5388CD3C00000000000000000000000000000000000088D8CFDAD2E5DA821F4DF93B3B810D4000000088B8
NATURGY CLIENTES, S.A.U.;Por Uso Luz;1 Precio fijo Revisión anual;46.11;46.11;Válida sólo para consumidores domésticos;Ninguno;No;No;https://comparador.cnmc.gob.es/comparador/detalle/45C0D07B549A6D31FC1EEE539BA8449BF7B203458D7930EFC70D612FFB61A8D62528989F228F6C1125EEB80B8AC83223A1E587CFB2863D312CF9BF25DE224F12FD2EF26E16D2D2799E2583364D1DB9DDA5C699A43215664CD23609666E99FE52A4656B520485A523757240DB6602947C09BEF55F90A3CD27B7DE8D19F28F236090B1D16B6EF0A03A5A4824CC77DBB026C7B9989A12F717988306812273EC46C9B2876E681EB6356C99A635AE55203938845CD9274E86AABB1D64FBFDFF5388CD3C00000000000000000000000000000000000088D8CFDAD2E5DA821F4DF93B3B810D4000000088B8
NATURGY CLIENTES, S.A.U.;Noche Luz;3 Precios fijos Revisión anual;46.39;46.39;Válida sólo para consumidores domésticos;Ninguno;No;Sí;https://comparador.cnmc.gob.es/comparador/detalle/45C0D07B549A6D31FC1EEE539BA8449BF7B203458D7930EFC70D612FFB61A8D62528989F228F6C11308DB3D9D9211A61E3C3966BB64B19F39ADE26C48C6913A0A67DE63C55BEFD146663B08B3E7E7F5B6E41A22CD46CEE7988ED467F8B217D706BB703AA7012FC9129FFA8F6B42BA54BBCD566C10F4B5C6A5225DFDBD560380BA9A0DAB856B3AFB26172F3DB165579DEF2C3DA78F3947236C99EA5A05ACD0184F64A80AE61D4E55391A022E0AD32D938845CD9274E86AABB1D64FBFDFF5388CD3C00000000000000000000000000000000000088D8CFDAD2E5DA821F4DF93B3B810D4000000088B8
ENERGIA NUFRI SL;ENERGIA NUFRI - FUJI 3 PRECIOS;3 Precios fijos Revisión anual;46.74;46.74;Oferta válida solo para nuevos clientes;Ninguno;No;Sí;https://comparador.cnmc.gob.es/comparador/detalle/45C0D07B549A6D31FC1EEE539BA8449BF7B203458D7930EFC70D612FFB61A8D62528989F228F6C00C2A030B8A799DA140044FD15E1C59D319D8DDD4EF6F1087EC05CC333006D15A6A6359125DCCD00C94FF06ED1B506494EE57AC3A76988DB60197F5AE4116FBEDDDF429EB9CCA5A402B61E03F12419C163ABD1DBF0F9F43F6117DE77C1D4F7C2074B3AA93DF1F170FC5EE5F5B5802C4561964632DF372C27D8248A3BFE8E5CCC0BFB05390070635938845CD9274E86AABB1D64FBFDFF5388CD3C00000000000000000000000000000000000088D8CFDAD2E5DA821F4DF93B3B810D4000000088B8
ENDESA ENERGÍA S.A.U.;ONE Luz: Promoción Navidad;1 Precio fijo Revisión anual;46.84;49.93;Válida para nuevos clientes que cumplen ciertos requisitos (ver detalle de la oferta);Ninguno;No;No;https://comparador.cnmc.gob.es/comparador/detalle/45C0D07B549A6D31FC1EEE539BA8449BF7B203458D7930EFC70D612FFB61A8D62528989F228F6C1972237138C03DA2C71760F1B2A452B517076AB31E056BDDBF42DD6B8F3F541B660EB8ED92E0B8042245E544630677C93B915DC504B8754D965C2470660AF1F2D883EB96307617B6BFF347898A838BB9303F97349325E7490C0B7115807F54B5FFF3B9E8384701480867BD0EB98DE5E33FA9E3037ED37E2916A2EDB54C8EAFA1DE54E7850323AD3938845CD9274E86AABB1D64FBFDFF5388CD3C00000000000000000000000000000000000088D8CFDAD2E5DA821F4DF93B3B810D4000000088B8
ENDESA ENERGÍA S.A.U.;ONE Luz;1 Precio fijo Revisión anual;46.84;49.93;Oferta válida solo para nuevos clientes;Ninguno;No;No;https://comparador.cnmc.gob.es/comparador/detalle/45C0D07B549A6D31FC1EEE539BA8449BF7B203458D7930EFC70D612FFB61A8D62528989F228F6C1848BFE6A82E843BF7E31758A23ACA8FD3026F5DC2F5AE5E40BE3AC1005D7F727827EBF8487A226A605870557144E4E4579553164599A366548F37C6BA477C62D8C4743333E999E0085CD322E0A9380DE75FCA275E57090655514C111725FF04DF2B0B429EF1AF37E3B29DDA58FCAFF9EFF13F05B992E9BC9B3997B59D3754649B3591938181A3B938845CD9274E86AABB1D64FBFDFF5388CD3C00000000000000000000000000000000000088D8CFDAD2E5DA821F4DF93B3B810D4000000088B8
REPSOL COMERCIALIZADORA DE ELECTRICIDAD Y GAS, S.L.U;TARIFA PLAN AHORRO PLUS;1 Precio fijo Revisión anual;47.11;47.11;Válida sólo para consumidores no domésticos;Ninguno;No;No;https://comparador.cnmc.gob.es/comparador/detalle/45C0D07B549A6D31FC1EEE539BA8449BF7B203458D7930EFC70D612FFB61A8D62528989F228F6B7CF39D3D6E5A3FAD749381AEEB1BADF44BD603ED0E2AB3C6749B8D18A81F905AC79A94FDFE52DA1ACC5113872B04BD56675D7587045C0052D185E3B995545DBE683061A3DCD104026D3498F10456A8DFD70CAFD3C9253AC008A9640C59A13CC97658F70CD13C89126E3C9A7EC3FF62AF2780295468FC3EC9DC34AC72079687D2B08E649339713FB938845CD9274E86AABB1D64FBFDFF5388CD3C00000000000000000000000000000000000088D8CFDAD2E5DA821F4DF93B3B810D4000000088B8
REPSOL COMERCIALIZADORA DE ELECTRICIDAD Y GAS, S.L.U;TARIFA AHORRO PLUS;1 Precio fijo Revisión anual;47.11;47.11;Válida para cualquier consumidor;Ninguno;No;No;https://comparador.cnmc.gob.es/comparador/detalle/45C0D07B549A6D31FC1EEE539BA8449BF7B203458D7930EFC70D612FFB61A8D62528989F228F6B7BEA16A648B390FF6024D241AEBD74654F1AB5CE8F25CA949F12D74983FA8031AA0C8290B2C066D183BD0FB1D32A310A0985908F9092C4E8E90EEBD8F2D39034B18E9279322F015E24B767DE7EF84BE255FBB8BED9FECFBB533A0C23D6FF3046BDA5C8D463C2A45F72089A10001004D5B29B4DC41D704C8D92969FA92B0888A52256FC694ED76E1938845CD9274E86AABB1D64FBFDFF5388CD3C00000000000000000000000000000000000088D8CFDAD2E5DA821F4DF93B3B810D4000000088B8
IBERDROLA CLIENTES, S.A.U.;2.0TD Plan Online (0-10kW);1 Precio fijo Revisión anual;47.38;47.38;Oferta válida solo para nuevos clientes;Ninguno;No;Sí;https://comparador.cnmc.gob.es/comparador/detalle/45C0D07B549A6D31FC1EEE539BA8449BF7B203458D7930EFC70D612FFB61A8D62528989F228F6B85B4A6C878ED8718C4DD87B98236EFE88C694554D7CF07C73727A00BA5FC37785AA5D45B01459CE1788E7B8FC8D2E29341F67CE2B6DFAE185CCE244A75F9DCCDD400EE725E3CDCDD9DD018645FBAC3F3BC35790997178EC90E3668B6BCA7028964413FB5DDDAEA5539B60EC97721145F9BAF8F682E4778B2350E7481F0E8D2CE0EF16313B808999938845CD9274E86AABB1D64FBFDFF5388CD3C00000000000000000000000000000000000088D8CFDAD2E5DA821F4DF93B3B810D4000000088B8
TOTALENERGIES CLIENTES S.A.U.;A TU AIRE SIEMPRE;1 Precio fijo Revisión anual;47.38;47.4;Oferta válida solo para nuevos clientes;Ninguno;No;Sí;https://comparador.cnmc.gob.es/comparador/detalle/45C0D07B549A6D31FC1EEE539BA8449BF7B203458D7930EFC70D612FFB61A8D62528989F228F6BF4A548F9674A30F310DEFC53219539CF6C4507AC502E38D6E9A24EABF33B0C7D1A3F49DC428A6BBD50A39AB2F8892EF64E7C791302DEFBDD68C06D9609643805BBEDF7DF94A5CE771A7084B0BCACFA596BB27776CA4378AC38A737DC097A7A1D1F1E667C912F075AEB4732D37D4CB0E8D910BC9343DED72A3EDA0963D9FF5C289921F2AB93FB24D938845CD9274E86AABB1D64FBFDFF5388CD3C00000000000000000000000000000000000088D8CFDAD2E5DA821F4DF93B3B810D4000000088B8
ENERGIA NUFRI SL;ENERGIA NUFRI - FUJI 1 PRECIO;1 Precio fijo Revisión anual;47.56;47.56;Oferta válida solo para nuevos clientes;Ninguno;No;Sí;https://comparador.cnmc.gob.es/comparador/detalle/45C0D07B549A6D31FC1EEE539BA8449BF7B203458D7930EFC70D612FFB61A8D62528989F228F6C00B80134EA5940F1D5BE66EE79DE00C06F2FA975B048AA43F1170DCF64C180EB0BDDF763D0EB6C3B4B8775664912AEC1222EC3868E4D015C42522DC28BA5E267702AB5369E7E7C93330307928FA5723221118A892F17232AB5FEEF6E74ED34B28F440FDA2F5377A74433DBB3D69F8EEAC34FAE0E61504B6D1CE0C729B84B3E1C25030B4BCE1850B938845CD9274E86AABB1D64FBFDFF5388CD3C00000000000000000000000000000000000088D8CFDAD2E5DA821F4DF93B3B810D4000000088B8
TOTALENERGIES CLIENTES S.A.U.;A TU AIRE PROGRAMA TU AHORRO;3 Precios fijos Revisión anual;47.56;47.61;Oferta válida solo para nuevos clientes;Ninguno;No;Sí;https://comparador.cnmc.gob.es/comparador/detalle/45C0D07B549A6D31FC1EEE539BA8449BF7B203458D7930EFC70D612FFB61A8D62528989F228F6BF4AFE7F5359889DB4F20DA61BD98FEAC2EB2EC13EEDC7F9B774B9D9FC179F8A7B5078809977BCC82CE6C15BB812B867E7B3330501BFB835C8687BF2E61CFC55D29A28547AFF3F787EA239B221E2BA1E8AE4CBEC98C2649C0E3C026E556623D2C9725914B9FCD8124A3723D155C2D4E43775754B7C1C5B7E4FA1DCC7620427AD88019EC98C653377938845CD9274E86AABB1D64FBFDFF5388CD3C00000000000000000000000000000000000088D8CFDAD2E5DA821F4DF93B3B810D4000000088B8
IMAGINA ENERGIA;IMAGINA SOLAR;1 Precio fijo Revisión anual;47.6;47.6;Válida para nuevos clientes que cumplen ciertos requisitos (ver detalle de la oferta);Ninguno;No;Sí;https://comparador.cnmc.gob.es/comparador/detalle/45C0D07B549A6D31FC1EEE539BA8449BF7B203458D7930EFC70D612FFB61A8D62528989F228F6BF5B96E8C5B3F3889638F89CEF9F7383B2B6E3A326DE168CD4CD4536EE59F08D0D2959A76E30E3FCC17001990D90612CAD90B15478FC4BEC66EFEB70F045092E6E04454725A95FA2C32A0CC34A389FEE62F5DB5DE7B4CB4C5992F7ECDD90449AF4FD8BF840D4765D79FA63D84201CAC1CEC3C30480D51AA2143BBD93EFCD07A060E5154C2B0ED091938845CD9274E86AABB1D64FBFDFF5388CD3C00000000000000000000000000000000000088D8CFDAD2E5DA821F4DF93B3B810D4000000088B8
IMAGINA ENERGIA;PLAN SIN HORAS 3 AÑOS;1 Precio fijo Revisión cada tres años;47.6;47.6;Válida sólo para consumidores domésticos;Ninguno;No;Sí;https://comparador.cnmc.gob.es/comparador/detalle/45C0D07B549A6D31FC1EEE539BA8449BF7B203458D7930EFC70D612FFB61A8D62528989F228F6BC56E8D9E4F02F88E5011DF6198D41C771FC3B30CED77A3192F0156E11F8537190C1AE458A98A3DD42B70AEC396E0139F8A41EB79620CA8CB08B7B65CFB49E9600F515F16333341BBD056C0AD57A81F8359E16994E7FE0ACBA3D0A0842B395F598F421A0D94B5A4A63BF39A02BAD1341543406A5B978BD915CBA0E22783A0F237DECCF241C878599938845CD9274E86AABB1D64FBFDFF5388CD3C00000000000000000000000000000000000088D8CFDAD2E5DA821F4DF93B3B810D4000000088B8
REPSOL COMERCIALIZADORA DE ELECTRICIDAD Y GAS, S.L.U;TARIFA DESCUENTO MAÑANA Y TARDE;Flexible Revisión anual;48.05;48.05;Válida para cualquier consumidor;Ninguno;No;No;https://comparador.cnmc.gob.es/comparador/detalle/45C0D07B549A6D31FC1EEE539BA8449BF7B203458D7930EFC70D612FFB61A8D62528989F228F6C09C363A29910F6B6D9D57F5F5513A4BE00C429B2D0B0EDA49344496D06569D32DA62E9FE2677D46868403AAAA35138B735C6CD8DF098639B9E0DA97DD73C3EDADBEB1FDDDF0D74E41184241F95802230D87247024A3D2EC4693A7D59F2494FDEC55E842CA2472D6E18DA97CBA1E58E158B6D3D2197EBAA709494E4B98D735FE6D42DDF48AD182CF938845CD9274E86AABB1D64FBFDFF5388CD3C00000000000000000000000000000000000088D8CFDAD2E5DA821F4DF93B3B810D4000000088B8
WATIUM, S.L.;2.0 TD;1 Precio fijo Revisión anual;48.15;48.15;Válida para cualquier consumidor;Ninguno;No;No;https://comparador.cnmc.gob.es/comparador/detalle/45C0D07B549A6D31FC1EEE539BA8449BF7B203458D7930EFC70D612FFB61A8D62528989F228F6BBAC4F2D4325BB767CFF1F2B6F90B7AD7EF716706A08297C6F809141F125A2053A91478D663381790E52D2B326BE633EAA6D3F7232C68A22E239ECC6C3751049AED0F6992C9BC07DB4D8D38DA7781E8B17CFFCF80434A250BDFC8A82DF68E8CD21010202FE79D612458BE4DE1FB533C1C5E61ADB932C43D9FCC9A0CCEFA3F23A0FFDB0B223E0DA6F938845CD9274E86AABB1D64FBFDFF5388CD3C00000000000000000000000000000000000088D8CFDAD2E5DA821F4DF93B3B810D4000000088B8
CIDE HCENERGÍA S.A.U;Plan Ilumina Dúo Promo;1 Precio fijo Revisión trimestral;48.16;48.16;Válida para cualquier consumidor;Ninguno;No;No;https://comparador.cnmc.gob.es/comparador/detalle/45C0D07B549A6D31FC1EEE539BA8449BF7B203458D7930EFC70D612FFB61A8D62528989F228F6BF39BC26241A38244FC704CE5E53700406F89B98DD1294FA5141998DCCF15FC53FCB1376EF6F7F874080F96DDA0AEA2A9F0A4941B8F15C073804975B566E36A7C054C28B4EA03CBD2D1F3539E374E9D5BEAA18061DB1D0DA78337DFF386D86D9A666B384423B522A7EF133264B95D530F642BE102F852E4EDF53BFC9AFD715CFB0AEA8A81A961533938845CD9274E86AABB1D64FBFDFF5388CD3C00000000000000000000000000000000000088D8CFDAD2E5DA821F4DF93B3B810D4000000088B8
Orange Energía;Orange ENERGIA Tarifa precio fijo;1 Precio fijo Revisión semestral;48.37;48.37;Oferta válida solo para nuevos clientes;Ninguno;No;Sí;https://comparador.cnmc.gob.es/comparador/detalle/45C0D07B549A6D31FC1EEE539BA8449BF7B203458D7930EFC70D612FFB61A8D62528989F228F6C123A144AFF7FCFC876527303A81484A8F0562C4543915245762F33B5607ACF2631F4761DD6D0F1C8A402457784AEF93AD760D23DF3545CE758E2AEE44CF0E08647CBCED3A1562E49943A0679466DA859EB631CF4CAFBCB3CC118F8C33AF8C0326B14A12C48903A2CDB26C4493CE2F24BABAE7A35EBE6BF3DCE9457498AEFD412E1C9084CCB47047938845CD9274E86AABB1D64FBFDFF5388CD3C00000000000000000000000000000000000088D8CFDAD2E5DA821F4DF93B3B810D4000000088B8
MÁSMÓVIL Energía;MASMOVIL ENERGIA Tarifa precio fijo;1 Precio fijo Revisión semestral;48.38;48.38;Oferta válida solo para nuevos clientes;Ninguno;No;Sí;https://comparador.cnmc.gob.es/comparador/detalle/45C0D07B549A6D31FC1EEE539BA8449BF7B203458D7930EFC70D612FFB61A8D62528989F228F6C118585924C4BE85C53F2B40B4BD47200070A0163B9FE9F380DF0F584AE4D2051EAA8551B32C984AB49B219E671E7292FDF3EA72F486F5D765EA643C66DCC7DB7FECE6AE9D125742BC95588F1CD0487D67F246075EAEBE8DD647119251F94CC2B729AC96C500A23C7A04B15E96FF87F4728FE5FC98F91D2D75F146312E07ACA648B516F8C736DC7D938845CD9274E86AABB1D64FBFDFF5388CD3C00000000000000000000000000000000000088D8CFDAD2E5DA821F4DF93B3B810D4000000088B8
ENERGYGO;ENERGYGO Tarifa precio fijo;1 Precio fijo Revisión semestral;48.38;48.38;Oferta válida solo para nuevos clientes;Ninguno;No;Sí;https://comparador.cnmc.gob.es/comparador/detalle/45C0D07B549A6D31FC1EEE539BA8449BF7B203458D7930EFC70D612FFB61A8D62528989F228F6C119AC389E8E89A2CD076702883DBFBB98BE5CA32F75B2CC12943936C4ACAF8A72038D175DCAC463645430FF7832BD84038AC15A97AA86C749A34E6F71EA39866DA3785BA07C1C64D68BBB5D49001D6F50458EF1B6EB18B06BAA2F737B964524A62A91F0A6D47175B10A12A6D2DB9B9FC658B90128B5F944CD59BE9376D0107C459416366D81DED1938845CD9274E86AABB1D64FBFDFF5388CD3C00000000000000000000000000000000000088D8CFDAD2E5DA821F4DF93B3B810D4000000088B8
Euskaltel luz y gas;Euskaltel Tarifa precio fijo;1 Precio fijo Revisión semestral;48.38;48.38;Oferta válida solo para nuevos clientes;Ninguno;No;Sí;https://comparador.cnmc.gob.es/comparador/detalle/45C0D07B549A6D31FC1EEE539BA8449BF7B203458D7930EFC70D612FFB61A8D62528989F228F6C1190248E1A9A414492349219E7D836DCC977E5CB58ACE5FC9B9A44787C8C0C7C8570934887BAE570C77A94EEFA8980B80BF55E6C618BE4F57C6D955EC6380B0F6C82F851EC739D3C99089F632E832F65C1BEA7C8ACCEB9F20F8A082E6C7C8F3AEAA1F43B5EA89D915876202B4ED91CA1C744F7EE0D78B3921A58262526BDE91472496979A5C5DA7938845CD9274E86AABB1D64FBFDFF5388CD3C00000000000000000000000000000000000088D8CFDAD2E5DA821F4DF93B3B810D4000000088B8
ENDESA ENERGÍA S.A.U.;Libre de Endesa;1 Precio fijo Revisión anual;48.39;52.39;Oferta válida solo para nuevos clientes;Ninguno;No;No;https://comparador.cnmc.gob.es/comparador/detalle/45C0D07B549A6D31FC1EEE539BA8449BF7B203458D7930EFC70D612FFB61A8D62528989F228F6C188879CD7E0499AD6D6E4BB04A5167BC6195C9CB7B0B56F992B61477D5D7087218D961084622670B530B5288A512F21563DD9E84DC44D061073B2158CCCCCC6F6AFFC4A3D7BE9044E68F59CB29A1256976FD7617E9A7EF8257E6E648E4949161AF560C1CF6A889F234B4DB6592406019A598CFE0ACFC2E1CFED02A2342CA0C8405056D22AF92137938845CD9274E86AABB1D64FBFDFF5388CD3C00000000000000000000000000000000000088D8CFDAD2E5DA821F4DF93B3B810D4000000088B8
ENERXIA GALEGA MAIS SLU;Máis Estable Única;1 Precio fijo Revisión anual;48.43;48.43;Válida para cualquier consumidor;Ninguno;No;No;https://comparador.cnmc.gob.es/comparador/detalle/45C0D07B549A6D31FC1EEE539BA8449BF7B203458D7930EFC70D612FFB61A8D62528989F228F6C110611C4A09FBD7968DC4B5BFBA737A6E9E34C8849D34E016A014217035A0E52A9456AFB3778FB69644C55800A4B0ECDC6AE10521B190380F94E70A248C1DD9EDA57CA08897B87620CF07BA13B14AD1F5FE90894D44A1BE55F45E4B584B7A771D244C7B7A09C6E52FE469AD2FD711F07BDAF3E13A8BF4A1697E73E3795555A25B7B1B86E174CE85938845CD9274E86AABB1D64FBFDFF5388CD3C00000000000000000000000000000000000088D8CFDAD2E5DA821F4DF93B3B810D4000000088B8
DISA ENERGIA ELECTRICA S.L.;ALISIOS TRANQUILIDAD;1 Precio fijo Revisión anual;48.61;53.35;Válida sólo para consumidores domésticos;Ninguno;No;Sí;https://comparador.cnmc.gob.es/comparador/detalle/45C0D07B549A6D31FC1EEE539BA8449BF7B203458D7930EFC70D612FFB61A8D62528989F228F6BEA50A60DBD15B70E82CE001D61EABF164F61DEE2F8AB63A91FF483885807570C8D7ACFC4A3C34BA5F8A3EF6612A20B82D0C43EA5961F313971E2106808C7BDFC07506D9D059FDD1D153FB068E87C0001A3A317F834A61B91CD66B7D03C0DC0116025C317590A9226C96A38C1B4D3A3C4E666C114CE4E418A19F14C9D82B68310F1EFDAF59C51073938845CD9274E86AABB1D64FBFDFF5388CD3C00000000000000000000000000000000000088D8CFDAD2E5DA821F4DF93B3B810D4000000088B8
ENI PLENITUDE IBERIA, S.L.;Tarifa Fácil Empresas 2.0TD;1 Precio fijo Revisión anual;48.7;48.7;Válida sólo para consumidores no domésticos;Ninguno;No;Sí;https://comparador.cnmc.gob.es/comparador/detalle/45C0D07B549A6D31FC1EEE539BA8449BF7B203458D7930EFC70D612FFB61A8D62528989F228F6BB906DD845981214D99238451606D2EA00969EE0697EAFB87BA42201F3C076156443A4566739E372A4248FBCC0143D79350D9E71D0DBA675340EB696DB5ABD442ED70367E4EE94B193A2B8A4078BA6B308FB01BEC7413D7A7CDB170A758888C485EE31A37819D660C21AE9F136A796B3E66CCB7BC8AE35EFD137C0BCF733C1AC51B2C0A37FB9A98B938845CD9274E86AABB1D64FBFDFF5388CD3C00000000000000000000000000000000000088D8CFDAD2E5DA821F4DF93B3B810D4000000088B8
OCTOPUS ENERGY ESPAÑA, S.L.U.;OCTOPUS GO (Vehículo eléctrico);3 Precios fijos Revisión anual;48.9;48.9;Válida para cualquier consumidor;Ninguno;No;Sí;https://comparador.cnmc.gob.es/comparador/detalle/45C0D07B549A6D31FC1EEE539BA8449BF7B203458D7930EFC70D612FFB61A8D62528989F228F6BFC9C85D4220CDF21C24587482468DF613EB0556352E34C41289D8586A26C2C71306DEBDBF792FFDBA6FFE119724AD517D785E6E5D8449B33BE3D9FD85A0E3998035805F40F449B12E0C159B9DBAAA5CB5F67F5883460482C8B5A7ED5B74CC5B7247E81C7880A5EA50B8EE43AA5C2B4DF8E02D7F1B1076336B1AC57188C566015D31D649156091CD938845CD9274E86AABB1D64FBFDFF5388CD3C00000000000000000000000000000000000088D8CFDAD2E5DA821F4DF93B3B810D4000000088B8
FENIE ENERGIA, S.A.;Megavatio Uniprecio 2.0TD;1 Precio fijo Revisión anual;49.15;49.15;Válida para cualquier consumidor;Ninguno;No;No;https://comparador.cnmc.gob.es/comparador/detalle/45C0D07B549A6D31FC1EEE539BA8449BF7B203458D7930EFC70D612FFB61A8D62528989F228F6C01025A178E7DAF4B898B7954BDF862C9C030E84B070C99A3D0B8367A0879F6154757AAA1238511A1BC02D2A20583137A5B2DC6323E14B5D612C568ECF696BFCB701A930F5DA19C08E0E8A4AC3A1C071CF3497DCC7C4ADABB63AD78AF8F438A1ED7763B8395A8CC2B4D612380EEC3DC65173DD70DD2A070883BBB1CA9A42114EB75CAE0C82E80D31938845CD9274E86AABB1D64FBFDFF5388CD3C00000000000000000000000000000000000088D8CFDAD2E5DA821F4DF93B3B810D4000000088B8
REPSOL COMERCIALIZADORA DE ELECTRICIDAD Y GAS, S.L.U;TARIFA DOMINGOS GRATIS;Flexible Revisión anual;49.2;49.2;Válida para cualquier consumidor;Ninguno;No;No;https://comparador.cnmc.gob.es/comparador/detalle/45C0D07B549A6D31FC1EEE539BA8449BF7B203458D7930EFC70D612FFB61A8D62528989F228F6C0983A9BBC33AE145644A4B07ACFD07917230CF45189B4509414C6FB630DD143339B174EE28CF8FC7758D58776F832B86297E821F59ED36A0EB61BFEBC4B6EECE49AFCF6D3B387E7F33519D774C8834D548D49B11BEEC484866A4E32224DABD81F53383524A9052B3C7D85A4068A1DDF5D5C5AC46A482661030FE524BE7E0A7C76A5E03B97F07BD3938845CD9274E86AABB1D64FBFDFF5388CD3C00000000000000000000000000000000000088D8CFDAD2E5DA821F4DF93B3B810D4000000088B8
REPSOL COMERCIALIZADORA DE ELECTRICIDAD Y GAS, S.L.U;TARIFA 10H CON DESCUENTO;Flexible Revisión anual;49.46;49.46;Válida para cualquier consumidor;Ninguno;No;No;https://comparador.cnmc.gob.es/comparador/detalle/45C0D07B549A6D31FC1EEE539BA8449BF7B203458D7930EFC70D612FFB61A8D62528989F228F6C1338FBE656D8258E4C7F4462486EF95B2AA395FC23E7F4B2BE0E9A90B660F324B4BA4A5DCD72044C6ECDCE4453E72DFF0881FFF84E0110D22392552C970620B890B9109630AA07DD0D04211A6A4D5DC829D9CCB6F83F652CCB6F61A270B309A5ABC0A495A76BA5161F2FBA7621F1B2CA824CBDA1B98BD0BF5CEEA100213AB490890876898388C37938845CD9274E86AABB1D64FBFDFF5388CD3C00000000000000000000000000000000000088D8CFDAD2E5DA821F4DF93B3B810D4000000088B8
ENERGIA NUFRI SL;ENERGIA NUFRI - GOLDEN 3 PRECIOS;3 Precios fijos Revisión anual;49.6;49.6;Oferta válida solo para nuevos clientes;Ninguno;No;Sí;https://comparador.cnmc.gob.es/comparador/detalle/45C0D07B549A6D31FC1EEE539BA8449BF7B203458D7930EFC70D612FFB61A8D62528989F228F6BFE8517133420D8DCF21B6DE82D163F0C2E6F6001D63403929D09B555B1BA9C19006918013AF263584105FCA1FF768F8FE05AD3E05B64F40B180E49383D619F4DB9C96EA8F74FFC1832EF6219606CC1895720C6670B21D9E349D5728188F1D27EB5C832FC288440E4234ABC10B21EFB27FEB22E805083C4C457D964612C65E3B153AC4D3061DC759938845CD9274E86AABB1D64FBFDFF5388CD3C00000000000000000000000000000000000088D8CFDAD2E5DA821F4DF93B3B810D4000000088B8
ENDESA ENERGÍA S.A.U.;ONE 3 Periodos;3 Precios fijos Revisión anual;49.62;49.62;Oferta válida solo para nuevos clientes;Ninguno;No;No;https://comparador.cnmc.gob.es/comparador/detalle/45C0D07B549A6D31FC1EEE539BA8449BF7B203458D7930EFC70D612FFB61A8D62528989F228F6C0D5F6B35B5B12DA40237F6565A5B8BC4141CC8E9BDEAFA70B7CE1E481DB8DFAD74700B66047FB78627620A91127CF7FE67DF1351794A6FCEBCCA6443E3C9479124472E3F269D699AA760C4A7B78B13E07AE084222E523CCA8EB3B983150C9A208FCE108A9A2290FBAF7B142E603B07E1556AF188616209E6389C2FEF6E42CDAE5273CEE4C906815938845CD9274E86AABB1D64FBFDFF5388CD3C00000000000000000000000000000000000088D8CFDAD2E5DA821F4DF93B3B810D4000000088B8
REPSOL COMERCIALIZADORA DE ELECTRICIDAD Y GAS, S.L.U;TARIFA LARGO PLAZO PLUS;1 Precio fijo Revisión anual;49.62;49.62;Válida para cualquier consumidor;Ninguno;No;No;https://comparador.cnmc.gob.es/comparador/detalle/45C0D07B549A6D31FC1EEE539BA8449BF7B203458D7930EFC70D612FFB61A8D62528989F228F6C07D03367B8AEA4136BBDBAB0B06280364E973AACAEB1EF8E912ECAAA28C941606F9F7FAB8E2710265071A4198D8326B7003B2956545B83452675AE859B7D4BCDB7C529C0DBB3EACDEFA3054EAF3F5EE39E1F2ED0B198CBF8FFA69AA4D3BC8007BC0DA828F32ED16548F3B5B3B6A8AA727C774E6E7A8868283324145EA720BD9B6CA6FCBC6EECC19938845CD9274E86AABB1D64FBFDFF5388CD3C00000000000000000000000000000000000088D8CFDAD2E5DA821F4DF93B3B810D4000000088B8
REPSOL COMERCIALIZADORA DE ELECTRICIDAD Y GAS, S.L.U;TARIFA TRANQUILISIMA;1 Precio fijo Revisión anual;49.62;49.62;Válida para cualquier consumidor;Ninguno;No;No;https://comparador.cnmc.gob.es/comparador/detalle/45C0D07B549A6D31FC1EEE539BA8449BF7B203458D7930EFC70D612FFB61A8D62528989F228F6C12EEA303B2B3B73498B231FC04549751D9A25726CD240552DE6D71E612A87DFA794097207AD85EE5FE5271089776C945CF82FD4C9E395C58531F1A022C15435490C932BD7186E8675F1E8400BFD6C8DD57A1D973AB0BAD9C1DC0D861565CB439638E78EC41165092160272A909CD65502E5E94A2483BABA43E144B803564DDC13840A10D2320411938845CD9274E86AABB1D64FBFDFF5388CD3C00000000000000000000000000000000000088D8CFDAD2E5DA821F4DF93B3B810D4000000088B8
ENERXIA GALEGA MAIS SLU;Máis Estable;3 Precios fijos Revisión anual;49.65;49.65;Válida para cualquier consumidor;Ninguno;No;No;https://comparador.cnmc.gob.es/comparador/detalle/45C0D07B549A6D31FC1EEE539BA8449BF7B203458D7930EFC70D612FFB61A8D62528989F228F6C0FFC8B2D7AF90ECB546D9BEEBF48FE17ED27FE69CACE64CF94788C47DF34FE298BB7588DEBE688201BB851AAB270828168D62B5AA74FC81710D778C1A641101523B5FADDDED984BDC4734A8EB5B65021DED8117FE523B0E0A9D68CCD02159AEF1991997F332289A002129A643981C12E48CA62835D3357DA4E49316EB8C75AF8297A50442CB316B938845CD9274E86AABB1D64FBFDFF5388CD3C00000000000000000000000000000000000088D8CFDAD2E5DA821F4DF93B3B810D4000000088B8
CATGAS ENERGIA SA;2.0TDL;1 Precio fijo Revisión anual;49.66;49.66;Válida sólo para consumidores domésticos;Ninguno;No;Sí;https://comparador.cnmc.gob.es/comparador/detalle/45C0D07B549A6D31FC1EEE539BA8449BF7B203458D7930EFC70D612FFB61A8D62528989F228F6C070666B768DE0AD6CCDA3F9B1C1AE3D3E06F46FBE7C2AEF80D9DEE91DA1DBA36F2C2E24E403CE17DFA9082776976A79BAEAB8FCD773D74D5F0AAA0370B81CE50935EAB06D4E6DE8E85585AE472D8EF41ACABE3AC4DC347704CCCDCF41E8905E1D3857ACADD6BC76C9DC1F2D02BFCFCB8BD3A03B92265BA4C4D1C9A037025768D483F7021B2635FB938845CD9274E86AABB1D64FBFDFF5388CD3C00000000000000000000000000000000000088D8CFDAD2E5DA821F4DF93B3B810D4000000088B8
REPSOL COMERCIALIZADORA DE ELECTRICIDAD Y GAS, S.L.U;TARIFA DESCUENTO DIA;Flexible Revisión anual;49.73;49.73;Válida para cualquier consumidor;Ninguno;No;No;https://comparador.cnmc.gob.es/comparador/detalle/45C0D07B549A6D31FC1EEE539BA8449BF7B203458D7930EFC70D612FFB61A8D62528989F228F6C09EDDF91D24A5A57D2DCF799C522B8310A7BBB514B6A08B6C9E9853C3F524DDD4583E2B37A3D577E5F6226CCC5DA96D7E8A1AA82550A8198152AEFDF38EA743892BD557E4C46192750507DE51B7AC06DE2DB644D51C87317159E397F25E85C1CA57B2F68DCC11494F986C0D31D68038004879DB38F872D5B81A3F102A67FDAA6700DC6FD7678777938845CD9274E86AABB1D64FBFDFF5388CD3C00000000000000000000000000000000000088D8CFDAD2E5DA821F4DF93B3B810D4000000088B8
REPSOL COMERCIALIZADORA DE ELECTRICIDAD Y GAS, S.L.U;TARIFA DISCRIMINACIÓN HORARIA;3 Precios fijos Revisión anual;49.74;49.74;Válida para cualquier consumidor;Ninguno;No;No;https://comparador.cnmc.gob.es/comparador/detalle/45C0D07B549A6D31FC1EEE539BA8449BF7B203458D7930EFC70D612FFB61A8D62528989F228F6BF7A1FFCB6D5332449365706F02A497E61B2D44D0F132201EC140833DF4ED7878A290C69C266DA348B10635196631CD42E1E0024212E5179DC8CF606EE7A3F89C96B5BD2742A15B3184CED494284C1AA4271686BD520E467C57AA7279AAA95676E12270B8ADC14816B762155A2C78F2655CEB86D6ACCE0BAEE9E8E6879CDFFDA18EE03D61BCC061D938845CD9274E86AABB1D64FBFDFF5388CD3C00000000000000000000000000000000000088D8CFDAD2E5DA821F4DF93B3B810D4000000088B8
TELECOR S.A. UNIPERSONAL;Benefíciate;3 Precios fijos Revisión anual;49.74;51.63;Válida sólo para consumidores domésticos;Ninguno;No;Sí;https://comparador.cnmc.gob.es/comparador/detalle/45C0D07B549A6D31FC1EEE539BA8449BF7B203458D7930EFC70D612FFB61A8D62528989F228F6BE08615EB8CDBC0F51E154AA58E71439312134F5CB002267687DFBAC636059FC5DCE17DFA553E159603D283881CF959F9985352526FD24809FE22D7F685A17162E4DE11A3D992019D9C26FFE307B987F03D6957AD778D5C84126A5B3D5665EDCEB98A4C35DEF24C3101BCC4083DC2943AFD527F70BD771565777977C4BCD638E80555744B331FDBB938845CD9274E86AABB1D64FBFDFF5388CD3C00000000000000000000000000000000000088D8CFDAD2E5DA821F4DF93B3B810D4000000088B8
CIDE HCENERGÍA S.A.U;Plan Ilumina Promo;1 Precio fijo Revisión trimestral;50.22;50.22;Válida para cualquier consumidor;Ninguno;No;No;https://comparador.cnmc.gob.es/comparador/detalle/45C0D07B549A6D31FC1EEE539BA8449BF7B203458D7930EFC70D612FFB61A8D62528989F228F6BFD26989D9C0762ECEB9DCE061099DE971E44EEA661BCE43C5A3687E81B9E2A9B0C99142947D4E9E30A2E2088628947021CCD35001EB77CA8415CC494D78467089583343D723CB0ED6CD97D7BCF192811C13D94BC0CE4E6393B9EA24E9F11AD803CDBAE4B46168DE365BE6992F72AB279979891CC15C0CCB2341D3F061DBEEF048DB5159CE4820EF938845CD9274E86AABB1D64FBFDFF5388CD3C00000000000000000000000000000000000088D8CFDAD2E5DA821F4DF93B3B810D4000000088B8
SUOP;SUOP. PRECIO ÚNICO;1 Precio fijo Revisión anual;50.22;50.22;Válida sólo para consumidores domésticos;Ninguno;No;No;https://comparador.cnmc.gob.es/comparador/detalle/45C0D07B549A6D31FC1EEE539BA8449BF7B203458D7930EFC70D612FFB61A8D62528989F228F6C08252B462B216B555DCCAB259080A71C62065DE9A42425B2FE7942489AC0A2B545E1711635B216523EB57C5DD295E2F865F0E33F1D3FBF3E14B03B485ED9B68925699501B62533546D3BB8D9BB349B5DB2F16966C0AF549E586E12EF3AFA98837C46FEA168229FB30A4C07C2ADAD95476EAC0F9269BF6DFE0D422CF0D939B31AA466CC2601AD569938845CD9274E86AABB1D64FBFDFF5388CD3C00000000000000000000000000000000000088D8CFDAD2E5DA821F4DF93B3B810D4000000088B8
ENERGIA NUFRI SL;ENERGIA NUFRI - GOLDEN 1 PRECIO;1 Precio fijo Revisión anual;50.44;50.44;Oferta válida solo para nuevos clientes;Ninguno;No;Sí;https://comparador.cnmc.gob.es/comparador/detalle/45C0D07B549A6D31FC1EEE539BA8449BF7B203458D7930EFC70D612FFB61A8D62528989F228F6BFE8FB60F026F31C5305D4BF6C91A03E8F0DD446974E24A572AB304497FF988439B31562E8FE3C41DBECE77AA8818E7180D118B1D74817B8A35D59AD095CD2CA5277DFC11129E252902A2788AC1EB691899BB0DB9CD04AAF7F4EE618AD5D9958E2DCF5DCB3722BAADDB75C65290FF98829CF8C6A4CE6AA57F131D277372A902613AA4471D9434883938845CD9274E86AABB1D64FBFDFF5388CD3C00000000000000000000000000000000000088D8CFDAD2E5DA821F4DF93B3B810D4000000088B8
CLEARVIEW ENERGY S.L.;CLARITY ENERGY - TARIFA OPTIMA - ENERGIA GRATIS 2 MESES;1 Precio fijo Revisión anual;50.5;10.63;Válido para clientes domésticos, pequeños negocios y comunidades de propietarios.;Ninguno;No;Sí;https://comparador.cnmc.gob.es/comparador/detalle/45C0D07B549A6D31FC1EEE539BA8449BF7B203458D7930EFC70D612FFB61A8D62528989F228F6C13191EF2EBED1AD591B9AA367463AAC4E359E8C547DD20651512ADB54BA42EA4E4618FD5CE9DE1FBF5745D2ABA002766825DDA4102AB7A54CA3C60638DC378B2479B685DDEBF8CAA9DEADDC645D1671A620AF6BEB296F1EECA24948689FBC07743AB24287B9037B8F6AE9BB0854FDABAA778F5343FD72E8F2B2357C94E715880D42088C1EC808B9938845CD9274E86AABB1D64FBFDFF5388CD3C00000000000000000000000000000000000088D8CFDAD2E5DA821F4DF93B3B810D4000000088B8
IBERDROLA CLIENTES, S.A.U.;2.0TD Plan Comercio (0-10kW);Flexible Revisión cada cinco años;50.65;56.19;Válida para consumidores domésticos y pequeños negocios;Ninguno;No;Sí;https://comparador.cnmc.gob.es/comparador/detalle/45C0D07B549A6D31FC1EEE539BA8449BF7B203458D7930EFC70D612FFB61A8D62528989F228F6C150C4F2DCC4F6D78FFD16EE51914CF4C9586D7CB69DC1E7B17282C7829318A774F24FA2866EEA63E0D42F3BBCFCE3966B7E97E789EE85AAB41D45B5BC9826BBF6BC15E7AE21916C0BFCBFC972C122A679C5E0EF04B3B54BA33B8773BA888904E4CFC002C2AA893C1C6957DC8708CBE5DB66EE3E75D3A70D78C94282434C3FACC3BA76B4E2AABF6F938845CD9274E86AABB1D64FBFDFF5388CD3C00000000000000000000000000000000000088D8CFDAD2E5DA821F4DF93B3B810D4000000088B8
SUOP;SUOP. PRECIO POR TRAMO;3 Precios fijos Revisión anual;50.68;50.68;Válida sólo para consumidores domésticos;Ninguno;No;No;https://comparador.cnmc.gob.es/comparador/detalle/45C0D07B549A6D31FC1EEE539BA8449BF7B203458D7930EFC70D612FFB61A8D62528989F228F6C082FCA41F96FC43D9C0E89342C846BF92474425142D26C778C22913C68FF8EDFE0A9AF438AA37717BC7DF7665B383A8092A79A7C365C46BD32778CE0B74543E0931E2269D1735C653CEECF4B1CB342ECF58BB0B9829225B3038701F887E25B92F44E297076C1197CC27712048C8E32A20CF2A7B6E7A64EB8C885F0031F7CD1CA8B5EC6133405693938845CD9274E86AABB1D64FBFDFF5388CD3C00000000000000000000000000000000000088D8CFDAD2E5DA821F4DF93B3B810D4000000088B8
NEXUS ENERGIA SA;Luz Eficiente;3 Precios fijos Revisión anual;50.83;50.83;Válida para cualquier consumidor;Ninguno;No;Sí;https://comparador.cnmc.gob.es/comparador/detalle/45C0D07B549A6D31FC1EEE539BA8449BF7B203458D7930EFC70D612FFB61A8D62528989F228F6BCABE0B85762F6CAD7100E6AF9AB68AD856B5E6DC449B056003A8D0C83EFB4C667039FB03223AA0930FAE3307E80BD7B5E59D8A05F0506859EC60828931109516E9981323DA47CA23A9E1F95E16FBE724A70512F5D96695213048252A9F1AE71592D78194E3F289825178BAF22B1FE164668C7C9A8AFC36736D826B4AA5304A2B5AC9E8DAF481A99938845CD9274E86AABB1D64FBFDFF5388CD3C00000000000000000000000000000000000088D8CFDAD2E5DA821F4DF93B3B810D4000000088B8
LUCERA;Lucera precio fijo;1 Precio fijo Revisión semestral;51.08;51.08;Oferta válida solo para nuevos clientes;Ninguno;No;Sí;https://comparador.cnmc.gob.es/comparador/detalle/45C0D07B549A6D31FC1EEE539BA8449BF7B203458D7930EFC70D612FFB61A8D62528989F228F6C0D6A0A3183FF868C4079D464F65F50A0D68AAD515C99413545776D3BEBF7CBD80F3849935971184BA52A85999B1F4F869495CA8E9266F74DDA91B5DC3C34D4E891FBBBA741EB92AB7713DB191909BB6FBD7ACB74F0350DDF39CCA88C61F45D3007D53B59A8C10AC567A61E703F1BA53BF3B189ACDF48EAA0F3DFF301B485EC5E396BC8D1FB5E93F938845CD9274E86AABB1D64FBFDFF5388CD3C00000000000000000000000000000000000088D8CFDAD2E5DA821F4DF93B3B810D4000000088B8
HIDROELECTRICA DE SILLEDA COMERCIALIZADORA, S.L;Eficiente digital 20TD;3 Precios fijos Revisión anual;51.24;51.24;Válida para nuevos clientes que cumplen ciertos requisitos (ver detalle de la oferta);Ninguno;No;No;https://comparador.cnmc.gob.es/comparador/detalle/45C0D07B549A6D31FC1EEE539BA8449BF7B203458D7930EFC70D612FFB61A8D62528989F228F6C022BBDA21F0F68B258BFC2EDCE61EAEF0435E3A0621C57234F3CD924975BCABE353E77966DEBA73B7DF04790F744A65F3F29D0E0FD3387BD54925596A25A355B6FDA0A725A2E19DF987F1912E3F65AC83C294AD9B119B8FE1A679DB3F89CDFCFF83EEA292EFE1E3B721642B54F55124E66F67B0B97E104F4B72472A953787028B8EA36B9B022DC9938845CD9274E86AABB1D64FBFDFF5388CD3C00000000000000000000000000000000000088D8CFDAD2E5DA821F4DF93B3B810D4000000088B8
TELECOR S.A. UNIPERSONAL;Despreocúpate;1 Precio fijo Revisión anual;51.27;51.27;Válida sólo para consumidores domésticos;Ninguno;No;Sí;https://comparador.cnmc.gob.es/comparador/detalle/45C0D07B549A6D31FC1EEE539BA8449BF7B203458D7930EFC70D612FFB61A8D62528989F228F6BE090B4E75B2A19DD5C5728B42A75086FD48133C44EB06D3B158909BA04448BF077A9BC27AA2F765B819AFE90A59BB181C50A098F88EECF891BEA298EDE0CFEBA52929F0BF4E02AAE6BDA165469382F7F80039F0039702D98BD834A46A34DB0DE31917704ED90C5FAB9E7CE4A1CA331959B9917953B5DF62032BD3AD703195797EC4D6E386577EE5938845CD9274E86AABB1D64FBFDFF5388CD3C00000000000000000000000000000000000088D8CFDAD2E5DA821F4DF93B3B810D4000000088B8
DISA ENERGIA ELECTRICA S.L.;ALISIOS OPTIMIZA;3 Precios fijos Revisión anual;51.91;56.65;Válida sólo para consumidores domésticos;Ninguno;No;Sí;https://comparador.cnmc.gob.es/comparador/detalle/45C0D07B549A6D31FC1EEE539BA8449BF7B203458D7930EFC70D612FFB61A8D62528989F228F6BEA5B45098B640FF6C10FDE2BFDEE83F311CFC34A9759AA6DAD9DD27C2646433728430DF1F8B4AC6B766C6A6E9B44630AFD7AF5E2AF3BB8B88FA9620061334B537504FB0520EE062DE4F2C6DA49FAA790E63D5F4AF688ECA6787FA6D988F58320D82CEDE667A90BF08195430393B4411F84AD59394C352244D5350FAFC8F9A1C0D8E7D4E2CEA919D938845CD9274E86AABB1D64FBFDFF5388CD3C00000000000000000000000000000000000088D8CFDAD2E5DA821F4DF93B3B810D4000000088B8
EDP CLIENTES SAU;Tranquilidad HOGARES;1 Precio fijo Revisión anual;52.02;52.02;Válida sólo para consumidores domésticos;Ninguno;No;No;https://comparador.cnmc.gob.es/comparador/detalle/45C0D07B549A6D31FC1EEE539BA8449BF7B203458D7930EFC70D612FFB61A8D62528989F228F6C11B0018185854BFD4CFA2C45BBE3857310C1930234B7BA4A44963153E748D0FC55C94DD0868F07C140D406089470875092198423ACE17B72D5C38A27CF7AB315B5A0A08A3E5E186F0821E2B752FF2613898D7DC0F2772D3010D4D54A5333D86952B774A88A840AEE80F73EF0EB7AF4B1A218C05B872D55C24C236F5BF9874524273157413CCE125938845CD9274E86AABB1D64FBFDFF5388CD3C00000000000000000000000000000000000088D8CFDAD2E5DA821F4DF93B3B810D4000000088B8
MY ENERGIA ONER S.L;Tarifa Estándar 24 horas;1 Precio fijo Revisión anual;52.22;52.22;Válida para cualquier consumidor;Ninguno;No;No;https://comparador.cnmc.gob.es/comparador/detalle/45C0D07B549A6D31FC1EEE539BA8449BF7B203458D7930EFC70D612FFB61A8D62528989F228F6C18FD4E9F5B626BA81A42D650FE7ADD38BC4E9A3F4C88616BA8FC78F1B28B2E46BF740CFAEC818F87BAA89BE6840CB4EF4FB77E24F07EA2D74ECBA2E4996BDF3121C1D81D041A53FDD34150AA5A125891539E86A63E66EB65B1F92BAF3289F30BD7A4E3029777C59D1E8E4C3A25E722FE72A1597215E7D6230AB98BEC47AC5E12F1AD2A53D95AE05938845CD9274E86AABB1D64FBFDFF5388CD3C00000000000000000000000000000000000088D8CFDAD2E5DA821F4DF93B3B810D4000000088B8
MY ENERGIA ONER S.L;Tarifa Estándar 3 periodos;3 Precios fijos Revisión anual;52.53;52.53;Válida para cualquier consumidor;Ninguno;No;No;https://comparador.cnmc.gob.es/comparador/detalle/45C0D07B549A6D31FC1EEE539BA8449BF7B203458D7930EFC70D612FFB61A8D62528989F228F6C18F2AFA38D1412BFDC00F8426277185BF9E0B5D7ADDA1AA71B5329FDE44C421C24ABCECD97902EC23CE020DDFB6A5D672300C6E7D7621B583104514C410051D9B40D4AB4E8CC2AED038E3A38F893B10211043F537C841A5106E03CA5E5A22FFC5F9DB83388D94BD3666341F8470685A3D45AC14D9800F5684F75C8DA01693F630AB53066A702CDB938845CD9274E86AABB1D64FBFDFF5388CD3C00000000000000000000000000000000000088D8CFDAD2E5DA821F4DF93B3B810D4000000088B8
IBERDROLA CLIENTES, S.A.U.;2.0TD Plan Estable (0-10kW);1 Precio fijo Revisión cada cinco años;52.55;58.41;Válida para consumidores domésticos y pequeños negocios;Ninguno;No;Sí;https://comparador.cnmc.gob.es/comparador/detalle/45C0D07B549A6D31FC1EEE539BA8449BF7B203458D7930EFC70D612FFB61A8D62528989F228F6B7D3357244430551EEA1EB60693324B20DA695E5AC6405C61C69366CF7D99195A684C0A0DFBFB1EBBBF03F5BA5ED2CA8773A5C0F59B072D4D8431CD4BA7D9ADCAFA6BB21480A5FA674B671F994D4E963B66AA5BC45476213C0B3EFE44270FCF264683F7E728F363CCBF3ED809FD4312CEDD27BA2F5C65832A3FCB3EDFAD293FF21A5E40226781AF7938845CD9274E86AABB1D64FBFDFF5388CD3C00000000000000000000000000000000000088D8CFDAD2E5DA821F4DF93B3B810D4000000088B8
REPSOL COMERCIALIZADORA DE ELECTRICIDAD Y GAS, S.L.U;TARIFA MIS 3H GRATIS;Flexible Revisión anual;53.08;53.08;Válida para cualquier consumidor;Ninguno;No;No;https://comparador.cnmc.gob.es/comparador/detalle/45C0D07B549A6D31FC1EEE539BA8449BF7B203458D7930EFC70D612FFB61A8D62528989F228F6C13439AE225267E768AC12270E472BE37ED117A63C2963B774BB7E984849FDF4F4F82888B22636511EC96494CDC8985873538B735671D98514159A6C4EF71AE0FFE6D9DFE4BF830EDDCB7378BCBCC05576C741409BA223641768850ABBD9ACCB523C7CF64B60A1EDFD75AC4B800D25025209355C63772B17A18326412677DD34070007076B5E0D61938845CD9274E86AABB1D64FBFDFF5388CD3C00000000000000000000000000000000000088D8CFDAD2E5DA821F4DF93B3B810D4000000088B8
IBERDROLA CLIENTES, S.A.U.;2.0TD Plan Estable Verde (0-10kW);1 Precio fijo Revisión cada cinco años;53.28;62.77;Oferta válida solo para nuevos clientes;Ninguno;No;Sí;https://comparador.cnmc.gob.es/comparador/detalle/45C0D07B549A6D31FC1EEE539BA8449BF7B203458D7930EFC70D612FFB61A8D62528989F228F6BF6B85627B2978E4F39BC5B2D9A51ACED65BBA3E94E380B3A94B3BA4A3B852CCF555B6EB6D9AF524FE1CBA25DA83E478F0A2C4301EA7172B139AE5D574E65D31929319634E9E9D3BFAB6AE6D5C769B4546DD465A0A8904EB5A385E7AD0EBE93229084C2ED6C22D0C0E3AF33B1052B6C9BC2DA73B3DAF6BBA2D21622F5931B5A83B590C2FF692EC81938845CD9274E86AABB1D64FBFDFF5388CD3C00000000000000000000000000000000000088D8CFDAD2E5DA821F4DF93B3B810D4000000088B8
IBERDROLA CLIENTES, S.A.U.;2.0TD Plan Verano (0-10kW);Flexible Revisión cada cinco años;53.3;60.14;Válida para consumidores domésticos y pequeños negocios;Ninguno;No;Sí;https://comparador.cnmc.gob.es/comparador/detalle/45C0D07B549A6D31FC1EEE539BA8449BF7B203458D7930EFC70D612FFB61A8D62528989F228F6C14E1D33E931609D806C9F6AAA905BBD98BCF462CEF230368E082F0A8F035D9CCE40401731329232816210799AD44DB46050EA1843A763CAECAB714FA67D43661B4EF28DA74E0727D80FFA2D1A6178C2A91F4F1A543B010678754BB1674E984106CDF54EFF02EAC9AE5E954C0F50A48F33D548355659EEDEC9F851BDB1BB7800C9FC78399614BAC7938845CD9274E86AABB1D64FBFDFF5388CD3C00000000000000000000000000000000000088D8CFDAD2E5DA821F4DF93B3B810D4000000088B8
EDP CLIENTES SAU;Ahorro solar HOGARES;3 Precios fijos Revisión anual;53.71;53.71;Válida sólo para consumidores domésticos;Ninguno;No;No;https://comparador.cnmc.gob.es/comparador/detalle/45C0D07B549A6D31FC1EEE539BA8449BF7B203458D7930EFC70D612FFB61A8D62528989F228F6C11A56285B736F3150EB84E371FDFC0964E53AE9A96097385B6ECE2601909E4D1BB010FA3319DA6FBC30B8B000BCE2FC86562CCE693C4F3F3B7FC388F770F25BE47EC1322230FEF5E386ECC45F1807E8446F3366E30945C1B65BBE641064C1559DAB049D97BE59124C8CC34AF0C9A575703D228370946750790DFAC49B344267440395D540A75FFB938845CD9274E86AABB1D64FBFDFF5388CD3C00000000000000000000000000000000000088D8CFDAD2E5DA821F4DF93B3B810D4000000088B8
EDP CLIENTES SAU;Solar Dúo HOGARES;3 Precios fijos Revisión anual;53.72;53.72;Válida sólo para consumidores domésticos;Ninguno;No;No;https://comparador.cnmc.gob.es/comparador/detalle/45C0D07B549A6D31FC1EEE539BA8449BF7B203458D7930EFC70D612FFB61A8D62528989F228F6C11BAA07D53D3A4E58B3C0A5457E74A4FD32F7769D366010ED23F8047B587BD26F0918BFDDB806886BE9C81111D12DED8BED03B60C5FE02F1F38ADBC027E6406D23552DF259AC417FD7D4F928B47DCDA2CC27C513B459FE44BBEDC453A01B9B78CABE9F77992284B839224932CA5B920C405F58800514367D0767326E3FCA63D40E29512E6F2624F938845CD9274E86AABB1D64FBFDFF5388CD3C00000000000000000000000000000000000088D8CFDAD2E5DA821F4DF93B3B810D4000000088B8
HOLALUZ-CLIDOM, S.A;UN PRECIO CLÁSICO;1 Precio fijo Revisión anual;54.45;54.45;Oferta válida solo para nuevos clientes;Ninguno;No;Sí;https://comparador.cnmc.gob.es/comparador/detalle/45C0D07B549A6D31FC1EEE539BA8449BF7B203458D7930EFC70D612FFB61A8D62528989F228F6BB2989B0E70114CAFE7421178EA24FCF650E0A34984662285F4BF52815BEE638A8CFC9FF405789F9719E67DA146F8D8203E38F51ED9745D5C393D02302C8D4053811E9875C6966DEB78BCF39A710AF7733C46ECD10FBF40243598B605C83571EAB28C2ED9A7A9A8E99F9F6931787A2560920E99A450194DEDB174EFBEE89886444307B79A804751D938845CD9274E86AABB1D64FBFDFF5388CD3C00000000000000000000000000000000000088D8CFDAD2E5DA821F4DF93B3B810D4000000088B8
MY ENERGIA ONER S.L;Tarifa Estándar Reducida 24 horas;1 Precio fijo Revisión anual;54.51;54.51;Válida para cualquier consumidor;Ninguno;No;No;https://comparador.cnmc.gob.es/comparador/detalle/45C0D07B549A6D31FC1EEE539BA8449BF7B203458D7930EFC70D612FFB61A8D62528989F228F6C19128C96F7FF1D7896C6926E368266F2412A630E89E4EEF4C44F16D94F09069BF504895596645112B63991F7955163FFA924EC9F22B7B1D58A5A46154A42F9DFFD2AF2ED3AB6A61F72A77D8D1D0FA7AFD8D3154BC22C8D8F082B09C1CC59792AC7B338A0B4B4B9308EE460BDE3A85DB3AF2E89BB11B5979881411210D4329B72BF9D1E2E3E0B059938845CD9274E86AABB1D64FBFDFF5388CD3C00000000000000000000000000000000000088D8CFDAD2E5DA821F4DF93B3B810D4000000088B8
IBERDROLA CLIENTES, S.A.U.;2.0TD Plan Solar (0-10kW);Flexible Revisión anual;54.53;53.85;Válida para consumidores domésticos y pequeños negocios;Ninguno;No;Sí;https://comparador.cnmc.gob.es/comparador/detalle/45C0D07B549A6D31FC1EEE539BA8449BF7B203458D7930EFC70D612FFB61A8D62528989F228F6C1501B031FE011490C18F90D67D110A6FD318F363CB2DD7B6897EDD845AF29E4CB45CBBFB11FD45788F7A78B3472BE1DE8B32C73B85CBD32C240D09C37116DE67FE0CD112C6CAEDAFF018E625CA9382D859C3C79D895883A5889F88325BA0CD3ED4F4D55D1C0A19F80E6A738691AC210318284BC2DF53901CD1506511EE80DC1C54AF7160F853E45938845CD9274E86AABB1D64FBFDFF5388CD3C00000000000000000000000000000000000088D8CFDAD2E5DA821F4DF93B3B810D4000000088B8
HIDROELECTRICA DE SILLEDA COMERCIALIZADORA, S.L;Eficiente 20TD;3 Precios fijos Revisión anual;54.63;54.63;Válida para cualquier consumidor;Ninguno;No;No;https://comparador.cnmc.gob.es/comparador/detalle/45C0D07B549A6D31FC1EEE539BA8449BF7B203458D7930EFC70D612FFB61A8D62528989F228F6BEB3A4FB177D15B03DC77155ECA3DAA0F04D37FCA9BA5788D4C814C7C116FA2B5DAB027A9F0819C9EC7DE8221D0959136A877FDE5BE92D6260103137FA205E37F74D4948F5E57648EEEA39E27495E66515CE53914DE241358818B429CD7F88365B0C370E29AA9097C9D1D1A6ADC21298E8077D437A025919631C4102F8C7B262ECB3F5557EFE2A0F938845CD9274E86AABB1D64FBFDFF5388CD3C00000000000000000000000000000000000088D8CFDAD2E5DA821F4DF93B3B810D4000000088B8
MY ENERGIA ONER S.L;Tarifa Estándar Reducida 3 periodos;3 Precios fijos Revisión anual;54.82;54.82;Válida para cualquier consumidor;Ninguno;No;No;https://comparador.cnmc.gob.es/comparador/detalle/45C0D07B549A6D31FC1EEE539BA8449BF7B203458D7930EFC70D612FFB61A8D62528989F228F6C1907ED9B29B0C4905884B45F9A7EA2157EBC7EA6EB36A83036A5C7E580CA1A715A3C4B284172F04D387116EF0CAF0C777C6E3562099B2A566C92F47CF1D76C888F7665851F687D0EA2F4671BBB9100209638CDF90049BC7A5D121AB87F71B61B4FAC0DD1A6163F66D6B9567C04C7C05910E7F19693CEB6DDC5FD4EFE8DEF7CC2D8A524410BB2F2F938845CD9274E86AABB1D64FBFDFF5388CD3C00000000000000000000000000000000000088D8CFDAD2E5DA821F4DF93B3B810D4000000088B8
REPSOL COMERCIALIZADORA DE ELECTRICIDAD Y GAS, S.L.U;TARIFA 2ª RESIDENCIA;Flexible Revisión anual;55.03;55.03;Válida para cualquier consumidor;Ninguno;No;No;https://comparador.cnmc.gob.es/comparador/detalle/45C0D07B549A6D31FC1EEE539BA8449BF7B203458D7930EFC70D612FFB61A8D62528989F228F6C1358D8D9C1C330470744DE8E1C7A47F171ED4332FFF2C900670A876C211DB7A4851304E5CC46269CE8273F5DEDCE34978EA625AF9956A74F7CE849F5A048C8BED9D6B8CE8294830F7C1D646E8EC95475F1A8A2AF3DE7D86ACCBA2EBE576A52D413D62502D347127347B0D93BBE938ADA5D20860F334072EF8EB9EA36F40410A03DF064511A90FB5938845CD9274E86AABB1D64FBFDFF5388CD3C00000000000000000000000000000000000088D8CFDAD2E5DA821F4DF93B3B810D4000000088B8
HIDROELECTRICA DE SILLEDA COMERCIALIZADORA, S.L;Eficiente 20TD 24 H;1 Precio fijo Revisión anual;55.23;55.23;Válida para cualquier consumidor;Ninguno;No;No;https://comparador.cnmc.gob.es/comparador/detalle/45C0D07B549A6D31FC1EEE539BA8449BF7B203458D7930EFC70D612FFB61A8D62528989F228F6BEC83902F734E1F236670F923AEB280CA90222856D2C00A5A7401DC020B0E3BDE98EFAF2739BC54890325682A5C3E2AB412982E4BC9073E8A9C25F4F2570C0115BDB1B42AACCE5D98155355E217B4B0AA6D93DC1A589B64D9399034BD2809224539A19FF55FD9C8E9EA535864D9543787AB0440A2DF1AC832DEF8AF660E9BDD7BC3469911088CE25938845CD9274E86AABB1D64FBFDFF5388CD3C00000000000000000000000000000000000088D8CFDAD2E5DA821F4DF93B3B810D4000000088B8
IBERDROLA CLIENTES, S.A.U.;2.0TD Plan Estable Comunidad de Propietarios (0-10kW);1 Precio fijo Revisión cada cinco años;55.25;55.25;Válida para cualquier consumidor;Ninguno;No;Sí;https://comparador.cnmc.gob.es/comparador/detalle/45C0D07B549A6D31FC1EEE539BA8449BF7B203458D7930EFC70D612FFB61A8D62528989F228F6BD200B9A77DBE33700007B2AC414A1DC13FD509B1BDBD65BCDA65C9723BFEBD863F1C7C00333BC7940BBA4DDD4F05ADCC7684CCCA1AD1083F47A149ADA29633DAE804BD4E84B5DCA1A54E50DFBC9072132E7BD4886373824226538C8631893EA89FBDC51FE247CA6736E4BDF986AB725698CE7D8C9BCFD61970D4C4C8AD12446A3E4DC2005EB664F938845CD9274E86AABB1D64FBFDFF5388CD3C00000000000000000000000000000000000088D8CFDAD2E5DA821F4DF93B3B810D4000000088B8
NEXUS ENERGIA SA;Luz Estable;1 Precio fijo Revisión anual;55.53;55.53;Válida para cualquier consumidor;Ninguno;No;Sí;https://comparador.cnmc.gob.es/comparador/detalle/45C0D07B549A6D31FC1EEE539BA8449BF7B203458D7930EFC70D612FFB61A8D62528989F228F6BCAB36C89A7E113C532BF08A0FEB2C5FB94480274A5ECBE9B75FF81D470BC603BD571BCD5CD493FCD91E5B7FF5F69802DB8E6D2C8D733E0DACE9930F0D8A507BF7BE385BBBEF9A112DA2EE2ECB57D3F95646ACBA31783C40C852F3621523324061AD056C5D5540FB8994DB0B04C3F4409C845E4760D1555B8B23EA8385EED2B7B73D1EEEDC22996F938845CD9274E86AABB1D64FBFDFF5388CD3C00000000000000000000000000000000000088D8CFDAD2E5DA821F4DF93B3B810D4000000088B8
FENIE ENERGIA, S.A.;Megavatio 2.0TD Ceropapel;3 Precios fijos Revisión anual;55.7;55.7;Válida para cualquier consumidor;Ninguno;No;No;https://comparador.cnmc.gob.es/comparador/detalle/45C0D07B549A6D31FC1EEE539BA8449BF7B203458D7930EFC70D612FFB61A8D62528989F228F6C00F7BB1BC02F56634B499B4621F49DECFDC303E3685E52DF430EE7863A3B09EAAC8F6C73CE93B0DC3E3A57997CE0BBF22E770EF524F82E56F4FE17549E2B3274026605A7425372F811358E3AD89D5F8DB0AF3679BA6809A6B89489A6425BC70F5F6F10B4870A52619536193F0FE33F0A78F73EE954B98FCD807759975DDDF63B8ED2E6DAFC28C07938845CD9274E86AABB1D64FBFDFF5388CD3C00000000000000000000000000000000000088D8CFDAD2E5DA821F4DF93B3B810D4000000088B8
Pepeenergy ;Pepeenergy Tarifa precio fijo;1 Precio fijo Revisión semestral;55.84;55.84;Válida para cualquier consumidor;Ninguno;No;Sí;https://comparador.cnmc.gob.es/comparador/detalle/45C0D07B549A6D31FC1EEE539BA8449BF7B203458D7930EFC70D612FFB61A8D62528989F228F6C01A1AAD8A514E4E72F677C2FE230EBB924A14A5D5342BF281DA3D6C31E29CC9459134F491DA9BD341AC2082207063474F9E282C6B6C0A648D17330DA24E407EADDAEDC28F73604050C66F550F087D881DA53ABA5D8951AF16A237A3B10D7F806DFE1BDA570F1EEFD17E6BD5CFDED14B45D60C13133279B7934B38ABBC20FE139FE5285AE21A9EA7938845CD9274E86AABB1D64FBFDFF5388CD3C00000000000000000000000000000000000088D8CFDAD2E5DA821F4DF93B3B810D4000000088B8
ENERGIA NUFRI SL;ENERGIA NUFRI - SOLAR;1 Precio fijo Revisión anual;56.68;56.68;Válida para cualquier consumidor;Ninguno;No;Sí;https://comparador.cnmc.gob.es/comparador/detalle/45C0D07B549A6D31FC1EEE539BA8449BF7B203458D7930EFC70D612FFB61A8D62528989F228F6C00A2C33D4DBC8F21593AAAD141D67706EA53E0A672EC1CBAD5C46FE7C843A895D64D7B092708AAB04FF67F5537CDFFB0C8C1550C5C13F25E06C38A91DACEC7B894C19A6667E22A71939CDAAFCCA823139BDCFBE3AB5181015FCD115BDB1DAE939F35BA3C12168413D3DDC73018DE543586C27DC5658289F7A65941052BC500BC5713177169682B7938845CD9274E86AABB1D64FBFDFF5388CD3C00000000000000000000000000000000000088D8CFDAD2E5DA821F4DF93B3B810D4000000088B8
IBERDROLA CLIENTES, S.A.U.;2.0TD Plan Invierno (0-10kW);Flexible Revisión cada cinco años;56.86;70.99;Válida para consumidores domésticos y pequeños negocios;Ninguno;No;Sí;https://comparador.cnmc.gob.es/comparador/detalle/45C0D07B549A6D31FC1EEE539BA8449BF7B203458D7930EFC70D612FFB61A8D62528989F228F6C14EC723A616462C0450BD4B9450980B64E3D2A948DD14A2D6E2C3F9CBE74C5F77ECC3FA0681A83ED93E982A235E732CE31C558C15392C42DE87E6692C03FC3B922A3B642902E9B8E50B2B943079633B9D48F38F80592E17C326DAA1FC1D1471FE4E67FBEFECD26649E145F02D3EAE64DDB9B1B79E385CEA75AC8DEED61FA9EBC86BF7D8693A3BF1938845CD9274E86AABB1D64FBFDFF5388CD3C00000000000000000000000000000000000088D8CFDAD2E5DA821F4DF93B3B810D4000000088B8
ENSTROGA, S.L.;A Contraluz 2.0TD;3 Precios fijos Revisión anual;57.57;57.57;Válida para cualquier consumidor;Ninguno;No;Sí;https://comparador.cnmc.gob.es/comparador/detalle/45C0D07B549A6D31FC1EEE539BA8449BF7B203458D7930EFC70D612FFB61A8D62528989F228F6BB931597392BA84EE922AFC8BD07C421313217FA512A41699F0E75BEE75031200AF5B3E1BC763BA40396AE7EE23CD35B403B4C411722C854FB808AFCF175A09A0A4426C1EBC21EF5C78F7E405FEB5096D9A1939377B9F1BFA7A152CCC8C2798863EFFC573BC174D33025AC81AE5FBE0A8DFE7184E827EE1E8008B18188C489584B70BF1ECC4FAE33938845CD9274E86AABB1D64FBFDFF5388CD3C00000000000000000000000000000000000088D8CFDAD2E5DA821F4DF93B3B810D4000000088B8
IBERDROLA CLIENTES, S.A.U.;2.0TD Plan Noche (0-10kW);Flexible Revisión cada cinco años;58.04;63.69;Válida para consumidores domésticos y pequeños negocios;Ninguno;No;Sí;https://comparador.cnmc.gob.es/comparador/detalle/45C0D07B549A6D31FC1EEE539BA8449BF7B203458D7930EFC70D612FFB61A8D62528989F228F6C0CDFF7680A0502C117218DA70A2E516AF6F6140E4DBFA93A13DE6ADA72C5CDAE330D2146092F2E4441FC462AAAE0DD9C4F4E7C744BF415D95772911FBEBEA777FFD08D5DDEF37CD0EAFBB757259B39295BA52C4117B06FD2898885137A2F7566EF780ED5EAB4DB870D769917EDB3A7A1EA1BCFD27A8F8125716F0B14231D5D6F7ED417C66CE5A1D938845CD9274E86AABB1D64FBFDFF5388CD3C00000000000000000000000000000000000088D8CFDAD2E5DA821F4DF93B3B810D4000000088B8
HOLALUZ-CLIDOM, S.A;TRES PRECIOS CLÁSICO;3 Precios fijos Revisión anual;58.19;58.19;Oferta válida solo para nuevos clientes;Ninguno;No;Sí;https://comparador.cnmc.gob.es/comparador/detalle/45C0D07B549A6D31FC1EEE539BA8449BF7B203458D7930EFC70D612FFB61A8D62528989F228F6BB2A33A0A3E5FA5982583EF878628C1D3134E87B12314694A8268A1752A2D4FB527C4DE215A6A005C97AEF8A9CF9B2FA86AEFAC5BF290E4DB570453C884F8CDAAEED325DDE1E496FC48700A0BD2899F027EE13423D1A21138E0B1A50F151D34FA2A9359A8B64822B357CA7373575AC2BB305531C8CE002EA86CB8B2D12EDBA4F429FFB187B29F647938845CD9274E86AABB1D64FBFDFF5388CD3C00000000000000000000000000000000000088D8CFDAD2E5DA821F4DF93B3B810D4000000088B8
IBERDROLA CLIENTES, S.A.U.;2.0TD Plan Mas Ahorro (0-10kW);3 Precios fijos Revisión cada cinco años;58.23;56.06;Válida para consumidores domésticos y pequeños negocios;Ninguno;No;Sí;https://comparador.cnmc.gob.es/comparador/detalle/45C0D07B549A6D31FC1EEE539BA8449BF7B203458D7930EFC70D612FFB61A8D62528989F228F6C0A031D896EE70C284F60B3B6FD2A41EA8F57842088C6963FE53C2323DBD026327B145F0E242019095AF31CDDD71F45E8420F18FC8743909650B9930FE9C18EE76E26704E82E26B48EFB6AAC7DE780F8C680FF2F2D58E15406BD01791BFB7E23B95898506F9FE082869DCD556DB293E354114CDFC8B54EED0F82B7727330618063DFDBAD7DB289CB938845CD9274E86AABB1D64FBFDFF5388CD3C00000000000000000000000000000000000088D8CFDAD2E5DA821F4DF93B3B810D4000000088B8
ENSTROGA, S.L.;Precio Único <10K - 2.0TD;1 Precio fijo Revisión anual;59.2;59.2;Válida para cualquier consumidor;Ninguno;No;Sí;https://comparador.cnmc.gob.es/comparador/detalle/45C0D07B549A6D31FC1EEE539BA8449BF7B203458D7930EFC70D612FFB61A8D62528989F228F6BCF98B49ABFFE0ED1E51B635CE86F83BD32EF4A37CA415D34C209E63581BD3BDF2DBE65BAF48BDAD58C4E6DEE5A3DD8F2551F48F26A5A55728878CD299A382E0C0D1CB3B855008ED296BB3B2FA5DE7B9E1787ABC87610239362AD646AC5070D276E1E1236926032B37D246B0D07C7CBCEBCD005481580EBCB037A92A4C1DD508FEA1F2242F6C22CB938845CD9274E86AABB1D64FBFDFF5388CD3C00000000000000000000000000000000000088D8CFDAD2E5DA821F4DF93B3B810D4000000088B8
