"Series_1","Series_2","Series_3","Series_4","Series_5","Series_6","Series_7","Series_8"
-113.482154666918,40.4070005131187,2919.06661143884,-338.016624309245,7.69406306138189,63.0723902545808,4.02935507590995,2040.99537417159
-114.550311762254,22.7343330402228,3023.53812177722,-360.964992883008,10.4831746736276,49.521108778061,4.40970422780661,2115.62987155219
-114.645433215754,50.684790841307,3139.42739652716,-381.859881614414,6.37337284601642,47.3266521424411,5.31312251015073,2138.72927390206
-116.909484544373,64.9886537750552,3254.52655609119,-399.833896614478,-2.952816113011,40.9757964855631,8.80380867621662,2221.57523386171
-120.248758515114,65.069824244013,3451.27784236159,-415.589772580979,13.8722011667221,32.6998045457989,7.07344307100097,2281.15022615365
-122.171635692374,34.4078722593023,3754.78705296578,-430.713107079199,10.6338480525686,32.9435641356175,1.23943853205442,2393.56879187437
-124.539175285384,20.254420502968,4049.53951371355,-444.798103647549,5.92649329261626,37.2904444871425,-0.219951346772062,2541.87787877976
-124.451701798194,12.8366390021604,4380.67600188375,-457.634154158959,8.85136207429687,46.9014012466268,-5.86568563262669,2699.96728418266
-126.354239311186,7.95849912706749,4574.67858874467,-469.574607728242,6.20803202602702,54.4794104685743,-7.08578936673705,2750.62243850673
-127.893249694305,1.48978157525192,4862.89750401452,-477.667570767733,0.880340253951126,55.4855362025585,-6.54641841321352,2781.36642524956
-130.027237950519,2.19189860294282,4983.2769241616,-485.303536031543,3.83002288338012,56.6672039988479,-3.71352941350707,2903.75153818818
-133.041765288851,8.71816717392171,5169.068259266,-491.871311629615,20.4189762977338,47.3849110316449,-8.64214631473517,3015.95229545697
-135.285932242933,21.2580612339828,5598.36992565199,-497.644115577362,7.84070637361985,43.4773050147494,-9.37805726903324,3144.55765208474
-139.382378583608,20.4248500960761,5859.9907502927,-500.88644340303,12.7577542915395,42.3466525424753,-8.57957727426468,3243.45809201974
-140.548470177771,28.4879292684773,6077.59377172713,-500.858863329896,6.26677456705747,46.5529823362584,-5.83876081515211,3294.42138169033
-142.488723208486,31.5237744751342,6238.3671513348,-497.784810104216,-1.8684608271658,46.9612009791961,-1.73520591344572,3393.51664923079
-142.551787486743,28.7455762553153,6547.44934115776,-491.487489577221,15.2353337982067,45.7669908041059,-3.68187314549414,3488.4270989048
-143.967220723769,48.3172901976316,7048.52854507906,-482.194684785837,11.8056892766561,39.102556173318,-11.3731817603357,3629.62247548991
-146.81646345178,39.8228102262956,7405.6696598127,-470.422256471253,7.58064866728,39.8264074855896,-13.437065776722,3810.48836709193
-148.608342936605,28.3676489584547,7666.31366847996,-457.619575229088,9.45303126244642,33.2703566335232,-18.6018888546474,4011.00355824116
-151.750868705675,16.9086740508576,8195.80155530427,-442.99671216509,7.83717970618549,31.6130200491522,-19.8323707866443,4102.30293087673
-155.460967416827,12.0534019047503,8411.21170164472,-427.514738065163,3.9693283027296,33.9106285390287,-17.8004617333433,4148.20718369571
-157.730217474044,3.5443973146738,8848.9800541524,-411.27884080403,4.97672306219335,42.052252663261,-12.5859624178637,4314.09957822701
-160.469603403488,0.673365307846025,9092.70987369698,-394.525038371903,21.9258752188997,48.7501442442659,-17.8993307073166,4435.32600713729
-162.850929422494,0.451025334607094,9244.18083476126,-377.371164730353,8.72047432359614,56.2858698503072,-20.5952464087607,4585.3356308997
-165.093264156756,0.564007363316277,9676.37340430698,-361.813454409163,14.7916619409233,48.4505898516578,-18.9150329866162,4712.4950288039
-167.97393633979,0.161323779794519,9733.47005921298,-348.112111266503,8.49883092680257,54.0679532396085,-13.807554936903,4794.69394258375
-170.950982720522,0.169289224098361,9959.38572647725,-335.826448022006,-0.583112081951979,55.4693015288392,-8.17747049291627,4923.4406365039
-173.512237461593,3.13181881454065e-06,10231.1956830241,-323.21912999641,15.9199191829847,70.6126245015094,-10.1644416761449,5035.80706958667
-174.683869232077,0.024837942177095,10469.039949255,-311.315234194404,11.2088488441701,72.1130858086891,-18.0594368995909,5205.93868995489
-178.30195981783,0.0441572441908315,10523.9240212311,-300.393937301864,8.94457940938564,63.2302419201374,-19.7706542031772,5425.77670355057
-180.251813244933,0.222771275898602,10689.6045320353,-293.216198046949,11.3082823174416,62.895926378598,-24.2210922501976,5653.76623334103
-182.156301871045,0.494105623706622,10727.8629061392,-288.132438999919,8.35718975756306,64.1991623304856,-24.9461994884998,5786.13848217313
-183.322310088238,3.03534057054244,11286.4914692477,-285.206613878676,5.87929762008389,72.9424266324644,-23.1235502774051,5854.7695198646
-185.719985069175,3.7624517491054,11350.9683881801,-282.522465142757,7.50589826109194,75.4399721385859,-18.0120031489339,6065.45108188675
-187.669644695389,12.9336375930698,11325.6869390764,-280.637346420344,23.3760805902632,69.5732539409649,-23.1761690015043,6217.99867967663
-189.639949311703,27.3657114790872,11673.1399774646,-278.89294157785,9.7817435556862,73.4452804795732,-26.9474588595646,6389.36195358877
-192.423664064392,43.2783443283706,12135.4438682863,-276.514285440588,15.7940634476688,72.1843954098173,-24.6456233781829,6556.65206017199
-193.606368321506,55.6814287071766,12477.746633437,-273.640012788113,10.6276361241745,80.0597168453652,-18.4153232679634,6677.18075919832
-194.542522879386,85.6058607054714,12794.4931847949,-269.317173248349,2.00020703367339,88.1589219036886,-12.8663756941513,6857.63799787643
-195.893589197092,58.8783454607029,13253.6124025754,-263.332268360821,16.9375606892064,91.9755656076696,-15.0973486226824,6962.51155206022
-196.434231484607,78.3876900327572,13865.5188343466,-257.330242548026,11.6075070431804,92.969144815317,-23.07357746798,7177.22784583388
-197.854391838163,86.086181704713,14005.9600095302,-251.08778952836,11.8652590397572,94.3387488575738,-22.6732892008557,7404.7246254998
-201.271148447103,208.568631398958,14574.4172918679,-247.657199983179,14.1281095312673,86.9741206482392,-27.341485865827,7652.81775610742
-204.35123983529,324.623894490497,14995.236788651,-246.605733967389,10.1961037346926,79.7173854929714,-28.559806067429,7816.90723681286
-208.02085210385,361.864919682187,15340.3651453632,-248.741877630024,8.67026536451617,81.6449390238406,-25.1703519757524,7904.3666183281
-211.047513968121,502.769311445172,15949.3541627566,-252.22835798848,9.23848859885237,96.3430427273805,-21.3124651061168,8151.85641796631
-214.103068323623,522.649295657891,16553.4614084278,-256.522287039993,24.9856900545568,107.43495548613,-25.521770369042,8317.72671742815
-216.501446041892,498.077763267161,17254.278980304,-261.6214023835,10.9993600032628,115.265192899196,-31.0137724419136,8499.50262841737
-219.732175179594,397.791344722446,17666.5693931301,-267.546861704046,17.1939355815783,124.478881141859,-28.3237815960199,8705.53378757181
-222.046809677926,419.99845164158,18248.20281823,-274.097583506642,11.4839290650579,133.716133350482,-21.7652072321836,8837.03843526155
-225.005822927704,532.99045325835,18749.8261968476,-282.089308053856,4.34341502651558,131.827740396242,-16.5440307585807,9064.35488028899
-225.661300120165,845.383677278007,19095.6032551305,-291.879924041817,17.4265172871458,140.898189044476,-19.8350667922422,9185.39250750518
-226.94432808695,1140.66108198776,19878.7208530371,-304.647841794735,13.0766026120722,136.126963712532,-27.6062010838386,9449.14641770799
-228.149134810572,1668.95558631675,20407.6943093062,-321.391887268766,13.3693896170862,124.323150149595,-28.5489660252395,9710.32306891643
-229.865565596744,1866.29617533779,20884.3099247925,-342.110454669053,15.9699003273256,121.715850584601,-33.4685644856494,9965.92718103367
-230.377962003821,1974.69871319068,21451.9991384647,-366.192398554828,13.5459328548651,135.420568252196,-35.3273145899945,10159.0553687062
-232.987158069512,1474.2970094647,22015.31974118,-394.351763818207,10.7817434228141,137.321619460776,-30.5227778236605,10281.6636187174
-235.807325671151,1496.0962272249,22348.5364521619,-425.200376052779,9.76908541522139,148.111242421169,-25.3049650745694,10579.0956166068
-236.772309818064,1249.70785187672,22784.7064247336,-459.121414039439,26.8610589014978,152.970964305143,-29.7136351196576,10792.3149675566
-239.479580500163,1208.08038511106,23837.7795075879,-494.758099895541,9.30763614135255,158.609712035516,-35.8822570436462,11014.8656793822
-242.063494863621,1519.1533086164,24411.8223476433,-531.764335454663,18.7829118429273,149.271609382125,-33.031011189853,11246.8979410804
-244.810182848501,1556.01938682047,24889.1199193744,-569.938639707316,12.5865435569583,136.232889406838,-25.3232697571538,11400.3034394004
-247.51394806142,1967.27044602159,25546.3962582709,-610.965639625279,8.33419614608274,148.35049644702,-18.7243370878675,11694.38395731
-250.16895122824,2622.97693997166,26171.0945869366,-656.027046951497,17.5636860186438,157.656175913769,-20.7099311531974,11844.3599731056
-252.041697936575,3362.94020366662,26583.2269239772,-707.352644139481,13.7335683001116,157.795870943867,-28.4997516529926,12158.9428203484
-254.442307282016,3777.62241451785,26815.5255303341,-762.534171309398,16.5283051119863,132.822378969394,-29.0970080965803,12480.2987027354
-257.268482056712,4593.57338747947,27481.9235169562,-821.428415164367,17.6326061501639,133.280097644706,-33.0704673562834,12776.7411649962
-258.323812794227,4526.81675310348,28046.0474946164,-880.496696671776,16.0019150593319,138.90364030323,-33.2713348038329,12996.0900104624
-260.611558079792,5189.98277391848,28724.0371726926,-941.211827118313,12.613685039568,142.968764381106,-28.6654529469485,13177.0210875347
-263.090605191276,5507.89281618843,29209.2748091885,-1001.12116150774,10.03655838035,150.007384262684,-21.0706208293464,13564.6555805787
-265.525417817173,5575.74699700204,29319.711310732,-1059.85376690695,27.3293250980247,156.025999680457,-24.4370435247685,13819.1730954466
-267.139250026826,6384.56876177689,29795.399138489,-1117.68440535039,9.11827884347004,155.015074204013,-29.5422992933775,14099.4452883039
-269.388545374897,7214.97252984326,30934.7548947615,-1174.09157988296,20.2495713874261,169.396784619829,-27.5111082911214,14356.2886373391
-271.718609053468,8270.68429257257,31215.4881547824,-1229.07460438545,13.7768680029331,175.899681598959,-20.16245848258,14512.7404409081
-274.707531604033,8115.65827409026,31503.0422922616,-1282.78352140878,10.0963269615852,177.663305268038,-13.4370122746831,14856.1284763407
-277.460058981534,6808.36828583354,31619.2929407392,-1333.9810916478,17.4351232546016,195.054024760041,-15.9467679524159,15011.5662752419
-279.784743250943,6936.75474814444,31993.8880277222,-1383.51468305612,14.9182579510701,198.433596336873,-24.4465116496725,15411.5020769924
-282.679911916431,6316.14050042233,32886.7016907711,-1429.34089066454,18.3942577271658,178.467340069145,-26.3020631461301,15796.0494921088
-284.559455553939,5979.73269072298,33478.0015635513,-1473.64490830048,19.65191803194,153.230289101143,-30.1585451113971,16116.6275647828
-288.302376709565,7247.8989075933,34017.7399818438,-1514.96039387607,18.8154542963694,145.012461164703,-28.7868678897022,16410.4360066289
-290.562542764323,8670.21545933638,34224.1257147645,-1555.04859949507,15.1945085918283,139.771016539481,-24.6065946718743,16630.485653605
-294.393418427677,9105.88290941938,34759.2216571009,-1593.36152829789,9.46336630404632,136.891889220345,-18.3071191845941,17083.1748612977
-297.27727072824,9297.4261135234,35616.4591517606,-1630.74825818305,27.9185005795948,137.71766903952,-21.2962022802677,17380.9467422157
-300.214512287953,12030.2623829667,36930.763437848,-1667.38877140947,10.3134772333502,157.303349201194,-25.6258601085554,17711.746957909
-303.28537330493,13110.9647361872,38081.7739454755,-1703.67510289162,22.4919437765481,175.038210535462,-23.1662285829766,18015.6176408188
-305.785574640386,12924.9011617463,38579.5412170949,-1738.81343256999,15.3339646948047,177.476254858515,-15.1379840041781,18179.3230548452
-310.038440782761,13347.3501446786,39047.0950154539,-1772.99264246241,9.56499204143917,189.748312929807,-11.1918032232086,18583.2888544163
-311.522229378827,14514.6146006256,39810.7481170202,-1804.81116174491,17.5818279809334,195.475589522233,-12.3607166090844,18744.2558405058
-315.33905111749,12670.0911748272,40463.847191771,-1834.70457601931,17.4838984586248,200.360500056359,-20.3493833413107,19196.8922638639
-318.382876783241,11818.9553022238,41210.7892402967,-1862.55098343117,20.3018987487577,210.957137815715,-21.9211159166425,19638.494719176
-321.937136584121,11430.5767958226,41465.9089379657,-1889.03443120965,23.1628560583128,210.208378231067,-26.8158516521794,19969.5276486138
-325.220033102525,12390.9980655758,41919.8176885504,-1914.87116139707,20.0777846302901,188.778494698977,-24.7750478907925,20313.5658229764
-325.61511001884,14665.7341891299,42219.8148648733,-1940.12268718751,16.5665609709452,174.731594392706,-21.4421376685952,20597.6547226477
-327.549629069609,18344.4816335407,42519.4972836938,-1964.05155063186,9.20532501707574,190.101923799437,-15.3215152600419,21125.6535191034
-331.070552541525,21518.7864242242,42871.2996913688,-1985.97707516391,30.0225856548204,196.206926602667,-18.31979619789,21456.0184427889
-335.237113598884,21119.4765826555,43333.4035388859,-2005.05958893288,11.6406976490761,211.619148785364,-22.4464922491275,21853.1191494708
-337.431449052986,18151.2884487047,43953.4364475065,-2020.03840456539,25.9034047517228,225.319866194513,-19.2349059437055,22194.1971800011
-339.732345375178,14520.9925726396,44818.6778753204,-2031.18828478167,17.3914883909931,228.930779733664,-11.0265160852272,22413.1894242603
-342.352319431246,11215.9784566276,45368.6881539419,-2038.87348697563,9.84477083691202,203.855151731284,-8.2192431633455,22876.7065179602
-345.642183755959,9781.28928944083,45761.7863240822,-2042.48581087659,20.1831098576967,200.643509651594,-10.0415459139934,23060.7607801178
-349.613167119157,10135.7955566389,46919.6089876033,-2042.94315440616,20.1232087455934,198.035063890656,-18.3814356289578,23597.1025058305
-353.296965433248,10578.6931109027,48019.4525391406,-2041.63922645833,22.8420582541549,193.651945927176,-20.5074674042665,24106.094713624
-354.852803029925,13583.3074166538,49076.0396626599,-2040.22921612497,25.8989084730472,186.450498868478,-24.7831370377365,24462.5245534827
-357.639150345152,16034.1616274758,50452.868595472,-2039.7799178772,20.7030649971627,198.491274954165,-22.3501051582415,24889.8971624166
-361.414632708169,15153.5928616962,50965.3983364527,-2041.74929197085,16.8085486315962,191.529692852337,-19.6555506297303,25202.9371749718
-362.118045649659,14650.47865092,52413.1648475263,-2044.38965635565,8.56514179732828,163.383540032175,-13.3091408338681,25778.9864968418
-363.701483795389,13058.4901960132,53686.905706004,-2048.34995766956,31.7308637714769,158.471821032669,-16.7869717298292,26144.2734239613
-366.110280173311,11601.9501373963,54697.76193809,-2051.6551609595,12.9723407809978,170.084379203902,-19.0333311311781,26603.7122267366
-367.373517931045,11689.4639057931,55746.1023654589,-2052.31738418617,30.2520055552578,173.874482029684,-16.5555514950871,26991.7439863601
-368.59844189301,9840.71443591473,56585.3005231736,-2050.70001302596,20.2886632595951,171.643062575438,-8.5825351193024,27259.6071585096
-371.321995481763,8921.93310650414,57341.7696609128,-2046.4779580935,10.517527610761,182.315770960175,-5.13847295312396,27798.6234597038
-371.495416884185,9353.39604325597,57525.5894500519,-2041.1973766109,23.5694484323156,167.580503082757,-7.53013396474965,28008.8690320901
-373.661653029385,9451.52821592916,58473.2326242297,-2032.08752622635,20.9007002041028,148.765392801029,-16.1962531944626,28657.8421790996
-377.363323918579,11029.962164814,60062.2401462727,-2021.14773974115,24.8763201615032,150.176595275048,-18.0538169152139,29183.8259934505
-380.066872100028,11082.6915605262,61836.7024983196,-2006.82862283876,28.0360991808206,155.239496359764,-23.17001573291,29550.4363415692
-382.235183768259,10560.3827154679,62937.0206996421,-1989.6671750911,19.9908366854267,171.230035184386,-19.8248692427246,30056.5565877358
-382.20476276413,10725.398699564,63802.7211625518,-1968.83220471397,18.624371726804,167.794723964921,-18.782336180672,30421.9930533697
-383.972735214139,11326.9902541126,64696.3175541898,-1944.06771437491,7.99632645578923,145.112683464893,-12.8338080638279,31067.3618417882
-385.719774178795,10642.1595855481,65991.7298440502,-1915.43476982891,31.1827832458249,146.285117306762,-18.1771256107186,31489.4773873979
-387.997120589393,11403.9044903425,67515.7704534452,-1883.04873048633,13.000947676998,168.586628919733,-21.1457300262386,32000.0925415174
-390.628702329234,13050.6753832852,68682.8229995307,-1848.62179432347,31.2228215126995,176.460048823418,-16.7281058959744,32424.3615089747
-393.026062208439,13463.2172535724,70087.6579236675,-1812.2075087984,22.1139571703685,194.943794304001,-8.73121395176281,32742.4946924434
-394.55804317261,14331.3044196497,71040.2934082574,-1774.99299266887,12.2542319160364,222.184157851689,-3.07626934156785,33338.5524443529
-394.64349767309,13708.6269757694,72164.2140174311,-1734.16021835232,25.2703859948092,232.441290590836,-5.53749675768911,33595.1040441928
-395.511159815091,13603.2690741856,73581.9093684131,-1689.79538923711,20.2803606013521,235.813734301548,-14.8189041513582,34297.0733795285
-396.34195320899,12151.5351594851,76146.2478221661,-1640.96518481033,26.0534080808195,224.458664391361,-17.2579455080658,34840.4562133456
-399.605207723373,10805.1969467902,77358.480433611,-1591.04390212778,29.7429525378408,244.345126876695,-21.9295198303,35268.0977172956
-401.09994849235,12570.5033086813,78128.6127721395,-1541.64720204092,20.1459124324862,262.534132406321,-19.2192318114396,35793.6509145739
-403.033884284582,15358.8905305529,79188.2871014949,-1494.56226259959,21.0125945711638,262.323314016116,-17.8114434626106,36168.2497510333
-406.735650143618,15216.1931236367,79938.2280182616,-1450.06076897077,8.16228666523023,248.127727428107,-12.5713075259211,36885.6773219676
-408.773793421043,14314.2258872368,81138.3378694036,-1408.33830958473,31.0091254517301,214.456293705898,-16.7155707279235,37362.041898427
-411.186200864693,15210.754732481,82261.3115301065,-1368.18062454997,14.4484331172029,203.027226229191,-20.3432162985652,37928.5297283748
-412.04399750728,17677.7645798819,83858.5746808401,-1329.469388313,33.0588649215615,192.024922082294,-17.2914592933939,38422.2931304051
-414.846969566063,17527.9094385998,84493.8483685913,-1291.89279668697,22.4946629131559,191.463602280436,-8.11587561396331,38778.697649738
-417.671289858795,18752.2480296682,84877.3275295718,-1254.13940462274,14.4959241716304,212.449729016061,-1.03935446588778,39453.7705365346
-420.995428355624,16785.1107357113,86419.5382609722,-1218.27014815858,26.3941996308981,231.947835725562,-4.31080931062856,39732.0854342387
-423.66234959302,13347.3556855681,87567.9673217934,-1183.71570495386,21.7510459794476,217.577746095138,-15.0577236483447,40551.5675668456
-425.629461527235,13440.838324623,88201.0445953519,-1150.05175633785,28.046363600862,208.796745087921,-17.8452219599554,41170.2877159134
-428.601818107298,14505.6167460411,88608.7685464756,-1115.64760858675,32.1860051932072,201.78405282163,-21.8050731702023,41675.6974011863
-430.196659814679,16758.6148727682,89197.9583819982,-1080.56349442345,20.8874088265604,182.804983163315,-19.3585500844578,42273.2447963062
-433.576986065962,17175.1423688107,90367.3685235887,-1045.1637650509,23.8173288166026,164.172656458208,-17.921633500851,42723.9967942191
-437.125106260737,19484.2582505397,91132.2897037817,-1009.91723385603,9.69117441141242,144.388782385408,-12.7199611775425,43530.5519461309
-438.214898573428,24808.0039171914,92756.2177062838,-975.330426649886,30.5414205754949,125.408168359224,-16.0728295820826,44082.8925744833
-441.310240553974,24083.6567964851,93970.7839259681,-941.73274149229,15.3218246590068,131.23225488258,-20.9875283635897,44645.9605535149
-443.346066164795,21911.0067900554,95164.1736997276,-910.390806772783,36.5564661628874,119.426697604252,-15.8731990511787,45181.4012997244
-445.980369430839,19586.4473025722,96205.3721532855,-881.15502601904,22.6467138836925,116.320474012774,-7.37087979371968,45612.7464157882
-447.9341012322,19338.2759621916,97092.731307447,-853.646958244211,17.5505081133952,120.800986616618,-1.44313572936295,46355.9528649681
-448.483379180864,19167.5417836565,98013.9552764243,-827.871267683438,28.2621601373997,122.691090604689,-5.38918408747057,46678.4035361562
-448.877023408063,17997.4415349238,99598.7155117305,-804.483073829899,22.5826472746825,120.101004101271,-16.6623006033217,47594.2370129871
-451.159582775416,19394.5138642098,100066.615542634,-784.798350750152,29.3775253373038,115.812501572304,-19.3843521032819,48272.8490085269
-455.743356532891,20432.9434126969,101600.448865198,-768.700404553805,32.9518167940514,112.706059163151,-23.3914363739346,48826.4131606872
-455.966835825588,20660.1861264736,102510.756994059,-753.974260184982,22.0334763124668,123.000233117605,-21.1885619244268,49455.1095293285
-457.220171571256,18091.0982972322,103970.503423093,-740.590368274697,22.427949879031,139.375323184176,-19.9432278297595,49902.6127263533
-458.78837241022,15835.2346207211,105059.858310602,-728.344509400066,12.541364070776,146.033688637495,-14.0439515334405,50780.7178889341
-460.969122980708,13036.7361868097,105472.021166291,-714.564236360549,31.0053414207179,140.525672143184,-17.1837234643436,51411.2742056465
-462.738856274045,11387.8973041571,106603.713384628,-701.381145497507,16.840132686143,150.907009843684,-22.6351567606448,52006.6415005884
-465.107593243017,11688.6778837686,107319.420302596,-687.818708687268,38.8291924164847,140.47074090806,-18.8303497793931,52615.3565568154
-467.001262763179,12157.7741233199,108955.688621667,-674.188771589869,24.7984778655466,134.192539598899,-12.5047775901194,53127.0348417282
-469.628630705045,14446.7128996483,109688.830111333,-660.598420595097,20.0844432728113,136.411706633222,-7.60777918536929,53954.7953313571
-473.360698597618,14643.2084394881,109825.621699784,-645.791783372742,28.9914562488539,144.102060617067,-12.8104250746861,54263.8101651896
-474.937591116404,12943.1616605462,110265.682334372,-629.334059905654,23.1325661418652,143.140454539504,-26.1821183795156,55262.5910478876
-475.586793307223,12224.0703620015,110894.269872148,-611.087965935859,31.2901504014625,162.651687826608,-30.9884703862996,56016.5689814116
-477.89411695709,12970.23515054,111464.557213118,-592.569524856834,32.0118263379822,163.26725717022,-34.6548523731246,56636.2283594486
-481.450492730042,12038.2828782097,112340.816883745,-573.694496723322,23.255859419764,152.702980859488,-32.3475879421331,57341.9927284905
-483.340717525719,11357.3036131703,113071.722045296,-555.205089103571,20.5069795527053,173.987366199536,-30.738660112036,57832.9321008142
-485.611915259845,11452.2797882611,113901.071663146,-537.712320554439,13.2351828610691,190.848398261059,-26.2391563258394,58806.2568482004
-489.641585400758,10259.6868465317,115131.727526949,-521.068410389824,34.2502056828772,188.121662759149,-30.2656845550446,59488.7856727077
-492.2588369935,10367.6797368501,115640.294185727,-504.678801666258,18.6916675940526,179.225857401325,-36.1161539314066,60147.9291166736
-495.249139542472,9312.03099896706,117092.980167535,-488.365384483952,40.7641757459823,177.795596330163,-33.2610587324154,60820.964510069
-498.018618655082,9475.51079713822,118244.186109632,-471.118776374106,27.0695869942118,180.692761499514,-27.4556724065075,61395.9993429189
-501.563148800548,9229.12833165415,119410.342775169,-455.667009370516,20.1859396733056,169.257243752641,-23.3834600540554,62371.127007393
-502.290297623577,8232.25937164567,119433.212359818,-440.805906574587,29.7049638458591,164.338345612582,-27.5405970364794,62701.4092010621
-504.63432711926,8889.38014180804,120217.498439866,-427.738745632451,25.4840075159162,168.976822825991,-40.6185448018142,63848.7941059845
-508.549667332402,8898.04222699877,120926.116964116,-415.269008954239,34.4996710322329,179.617006518796,-46.1063857386249,64691.4893288107
-510.950861418091,8952.1800043498,122488.927142643,-402.379017401088,31.454446939273,170.221929446024,-49.3194818985802,65381.6918787965
-513.008010467911,8423.70791361548,124494.987285682,-388.713736579306,25.9671200944192,182.478268324759,-47.3361494304583,66168.2632317883
-516.250980290477,8814.8835185146,126560.131465934,-374.067312245239,21.988321821318,184.227639102725,-44.6356826542912,66667.1864122746
-521.614812152951,9137.14333665573,127315.157884397,-361.371368179843,14.4221145715869,185.057219625256,-39.2188178211473,67775.5873353169
-525.119687201536,8048.24709485205,128007.701192047,-351.598136844343,38.6708962289883,196.172377612265,-43.5982118695394,68590.4679111659
-527.072187902748,7363.66819830915,129009.786410382,-344.205901995525,21.187836374093,200.145578344658,-49.7873393839174,69311.4328285853
-529.369836330334,6399.50681646752,129546.323382711,-340.01038697081,42.9546949189242,215.852803013007,-44.6407324532793,70027.5024612776
-531.769324301702,6004.87500089897,129710.125554699,-338.154934551477,26.7042954807937,253.474863817684,-38.4623744000333,70637.5596187848
-533.528514952802,6494.65796103341,131150.082735206,-338.247781309143,21.0641173473451,277.99177470561,-35.4505894249422,71691.3579519213
-536.917398642717,6753.40265269605,132393.309890352,-339.956885783924,30.9002044256022,295.244748743234,-39.1949269292807,72037.7487907542
-538.322328896887,7864.9796471982,134024.635460874,-343.678555576554,26.8083186135148,289.386490177054,-52.1757562072476,73297.1508472011
-540.465040419568,11149.2470396505,134610.647427436,-350.564735966594,36.7645912400667,307.503530676671,-60.3635568377195,74208.3646010279
-542.030585851272,12016.1835900592,135548.559750682,-359.907091874748,30.9505831892647,313.66862267376,-63.5605458350608,74862.1127224443
-543.16334151606,13920.7762218419,135983.878163546,-373.311301643634,29.5234070065547,321.957350244235,-60.5659464289055,75691.1523885725
-545.027245549184,17979.2664397318,136585.066926659,-390.637956367977,23.8036469127643,326.12885777209,-57.8160597268058,76223.4309048822
-548.127608126951,18951.2656668765,137805.81500364,-411.716181100723,14.6793338906832,324.843129951408,-51.013057046295,77458.6375844374
-549.413365893286,19638.1966352212,138539.741688021,-436.607376166509,41.7000792340463,353.593396047052,-55.1589415222851,78339.7015305363
-553.529013100652,21274.9906699167,139119.658106419,-464.56783600241,21.9464766667612,394.524120908793,-60.2782218898033,79095.1285754653
-556.708976407367,22557.0477186154,139433.440477037,-494.231276603069,43.3632036389848,399.554469353577,-54.4387788117636,79911.7862061504
-559.427987581301,24155.2474098823,139627.090541706,-524.974131990377,24.791270634779,397.97376394788,-48.0075863934027,80611.4755018738
-561.972798300871,23240.2052088326,140132.403601435,-556.102382913114,21.8328665406056,400.689976700177,-45.7218391792293,81718.6831894027
-563.299033324372,21442.8905596091,142243.555623371,-585.967251472853,31.6823441996327,387.299209338902,-48.4960506458947,82109.6152234493
-565.285727071911,23666.0852583912,143243.890387273,-614.759790138493,28.7090214801578,387.290255708597,-61.6535236065645,83417.4104558853
-567.122763944724,24255.9100701999,143865.860202783,-642.009509908721,37.6189355171069,402.726148059263,-68.3939096976162,84430.6450045471
-569.409139748006,23102.6441164459,144121.223876157,-670.26216911205,32.3984142601498,427.07766426185,-71.6714014167983,85069.4903122655
-571.956043174788,21393.7057679885,145085.864934693,-699.317216506494,30.6298160718261,425.417040164534,-69.0870415135457,85941.3000490124
-573.607575612162,24935.1994691772,146023.501150756,-730.386410065521,24.1936410100239,435.966971478801,-67.19887554751,86543.1894169992
-574.644001594033,27592.3914583934,147411.995583802,-764.034503537719,13.9515948162079,455.301901369974,-60.0727067247084,87852.3808036789
-579.116791953773,24903.7276871911,148531.913503214,-799.01488980162,42.0485792943623,465.417993838838,-63.2983133243357,88829.8637451864
-581.244811920965,22172.0476814922,150354.163646357,-835.164336208272,21.8645845932395,454.363394487094,-66.6117284654248,89670.3024025782
-583.140245607199,23922.6683994003,152191.045509089,-870.816733101373,43.6376725594575,443.61432643973,-59.571446674042,90542.6985841863
-585.792958503965,28291.4841928063,154306.889984187,-907.024901972259,23.5932102995476,465.987000696193,-55.1532224982666,91320.0879137431
-587.208460143184,29760.4053044196,155949.183613726,-945.815141630334,22.6266778097803,488.254564459079,-52.6800482593585,92525.3221400002
-589.737006183597,31132.4222174561,158087.990633914,-987.010530200009,33.5576868863186,499.920919732985,-53.6733695063752,92948.6622295586
-592.365048877934,29892.9850824933,159522.146449601,-1029.64569555299,31.5513081151932,460.431220881061,-66.2873613786514,94348.9241613091
-593.869623028667,28555.2052624602,161536.222822597,-1070.42662747871,36.7616744457949,445.51426801813,-75.8517822169424,95411.1551176292
-594.305662160352,27714.6140001305,162892.800470278,-1108.42531437453,34.5142363393359,458.590898362349,-79.246296436345,96090.4223980911
-595.995044367276,26790.5327309783,163850.422252341,-1142.48342176765,30.0660258903826,445.474675964825,-77.3776168011515,96997.4468577262
-598.606833573651,25900.763765632,164327.553687416,-1174.08894007872,24.5892337917334,433.57733961786,-75.8521307156726,97663.826287762
-602.154945952764,28035.4468547755,165045.11023266,-1203.31096635441,14.1761129498553,438.444892191374,-69.5805966512534,99056.3183336659
-605.016927515884,24359.782123772,165763.332907659,-1231.51602626684,41.7005038075417,444.554951102326,-73.2637328474681,100087.636631474
-608.361702082735,25088.06309597,167387.003694077,-1258.41886780373,21.641772353653,457.783317065636,-76.1144589168866,101055.460265109
-611.11424161831,25696.4115689388,168754.847972343,-1285.71265977203,44.6690770806509,460.059729485849,-70.1884414607232,102013.284333466
-613.104709392682,26936.6122172303,169754.426905541,-1313.62590740027,23.8781841086819,463.000930131147,-66.2961562603796,102916.933826044
-616.201464035775,24098.1129726207,170468.700378295,-1343.93179014626,22.0098210647373,483.086336272041,-64.3436344139364,104204.541137971
-616.000356903865,20769.1581756269,172734.327289404,-1376.11140152374,34.4854264677593,493.249504622714,-64.5924297844009,104652.521734393
-617.686774678198,20043.0650253664,174103.003006796,-1409.66488184489,34.9689285285004,467.261577843098,-78.2718719425753,106124.955205343
-618.745628209076,19190.1993199077,174739.7862372,-1443.95508094451,36.0343589245028,443.144516851297,-87.4735075119122,107268.39918671
-623.108565003418,16823.7980085436,175696.848558916,-1479.31490234799,36.682551945033,450.897615582591,-90.6965022596597,108069.095611686
-625.048149494733,12692.4009227982,177045.416327912,-1515.78325987965,30.0723049154713,464.547357463836,-92.1822512711403,109033.132011939
-628.599947831006,10384.6686169889,179024.882472444,-1554.93219106082,24.8171695911796,478.020593559079,-92.2515609667605,109807.120848176
-630.211769639064,10198.5693788361,180508.28088915,-1596.47859884737,15.2232575921503,492.030579901598,-86.6833620497827,111278.018522879
-631.989001230724,10990.2105102748,182071.762202099,-1642.09354198781,42.3511473925467,514.556854944488,-90.196442251889,112420.682294179
-634.602267959626,9334.43496245176,182804.603330516,-1690.82883502575,22.8967655337256,518.161653469469,-92.2935505995597,113451.168767044
-635.63727975085,10467.7757828025,184689.640649423,-1740.67874545586,45.6872865781875,538.127154020831,-84.9131118067879,114510.899702629
-638.407945858274,8236.08852136252,186246.094806562,-1790.25246047343,24.020979946528,527.040461391601,-81.526163100937,115508.579685017
-641.376735929018,7257.67991520536,188297.368048978,-1837.54965005864,20.6351440525005,534.333296145167,-78.8488287392498,116855.83269429
-644.802368019779,7173.60207957054,190968.013198201,-1881.57617750168,32.65793941065,534.914386883003,-80.2519682147717,117385.527637109
-647.979002523469,6897.00256969456,192827.281698945,-1922.9315852543,37.9435083491557,538.623425889845,-94.7772778235674,118944.375827235
-649.496546722419,6065.52764934315,194247.655384924,-1961.71856969854,36.4691439600503,536.760822001053,-104.765842705598,120138.748701461
-651.22089286645,5434.84678244348,195170.419625444,-2000.60790788715,39.4771354382028,530.135468269137,-107.86904661638,120969.893844135
-652.411759738999,6379.99859035024,196138.996696566,-2038.73186648197,30.3637977067918,530.325702844655,-111.369428686017,122072.552355192
-654.899934586461,6669.84284475082,196855.956183179,-2077.53792366983,26.0993765369752,538.125627032282,-110.012446893637,122984.262014234
-656.859862427147,6473.04572097431,198475.549666543,-2115.51977458001,16.9258621360511,542.970061937786,-103.349117763622,124548.88154729
-658.854986598786,5960.6264189243,198906.652774619,-2155.02239639501,42.2889724799691,544.265443789203,-106.926846937204,125838.347008976
-662.526996608512,6386.90915527151,198990.513924086,-2194.31139654447,24.4999250806694,529.499133190938,-110.195927966851,126969.370657019
-663.302268878026,8557.5495408442,199693.056704131,-2234.52032191253,48.3478964424125,546.130752903379,-103.671369972292,128083.735761521
-665.18955622607,10303.0337685954,201796.956282845,-2273.46145912866,23.5628988723121,552.880398710179,-100.663047096422,129189.578685872
-666.649906381496,12507.4491248205,203510.446890901,-2311.65024751928,20.6013963956906,559.202959617168,-100.405773323279,130611.340056042
-667.842314693885,15068.8607188058,204775.936090878,-2349.38078227156,32.523211984261,583.108323094187,-103.112251959323,131236.075216553
-669.991219653871,18194.1182357961,206758.14239495,-2386.52585345447,39.6754209166223,622.089403884761,-116.943900535013,132878.07652176
-672.571028556154,20978.0326250014,208098.734404003,-2423.39396574527,38.2328772945269,661.514918159714,-125.718733339464,134192.583067881
-674.030480968629,23389.6167997938,209570.07411031,-2460.49002471017,42.1665768822195,666.877991260504,-128.776869470767,135131.032229043
-677.225159242488,23449.0912579623,211145.074430006,-2498.80277592714,30.2639076657477,676.671130199333,-132.513058869329,136320.772794646
-677.719864626522,21754.37895496,213534.936743047,-2535.87926913895,27.7757977392839,712.529971229131,-131.73095636381,137353.725353729
-680.073707506272,22337.0849319415,216244.693258543,-2572.93847339065,18.2266491913701,702.879843200153,-125.703422406848,138951.923597596
-680.731191167358,23238.9928000687,219068.313906271,-2608.7088542628,43.0709814983967,669.495268785111,-129.864391628466,140325.52119641
-681.219082390778,22991.7103552286,221691.76266897,-2644.22917107421,24.7270753980844,657.974113535242,-132.739478195083,141560.989281251
-683.105076055547,20405.6800972377,223786.391504748,-2680.27224589599,50.5980812037383,651.56525607081,-125.588589196274,142729.263463384
-684.763566718982,19155.0988524479,226987.037569713,-2718.37952306258,23.9153248185349,686.632344558939,-122.985527477608,143842.133774145
-687.972047369368,21314.9488924554,230506.908367819,-2759.92694265564,21.8156874293012,727.145521844461,-122.232078869372,145335.155332106
-690.117618350912,22078.2340457001,233631.918019643,-2805.93417202088,33.8507163262104,694.424660404686,-127.795688602352,146027.856050253
-691.347387112188,22687.9800572044,235457.451235333,-2857.23050663206,39.879945882239,652.917678358766,-142.217628263823,147744.612490345
-693.353508880863,20015.1516213276,236361.496902699,-2912.22150690259,38.9806165250262,661.588271523135,-149.584455762828,149090.408363135
-696.055418092638,18058.5535320269,238017.192416904,-2970.43444157471,43.4925125018696,675.156996391395,-150.879571591039,150120.874076629
-699.086748966712,18008.3228350975,239189.624919913,-3028.69827684024,29.4560083586818,718.382629178141,-153.474055520683,151446.791337632
-701.558716500094,18553.8934051468,241023.532510791,-3086.29082193872,31.179636172674,746.095707809098,-152.395305363757,152598.904414642
-702.822876806843,19635.3990077224,242257.525799677,-3140.98130205771,19.417754604989,780.910475261032,-146.198906840208,154306.287799281
-705.418367770452,19968.1354305535,244635.980902349,-3192.84972242397,43.9872379893484,752.897444568372,-150.948565981638,155825.065315614
-707.895383902552,19877.5454170766,248211.666495035,-3241.22855521393,24.9738138154598,716.424693435443,-155.003691101423,157165.330030761
-711.523772815251,18384.6416152547,251107.843197985,-3286.48542631387,51.6718565198584,709.281301491776,-148.590875973009,158440.915766807
-713.575150812961,17092.6967877189,253760.221786199,-3329.5428938714,24.8324074796221,708.109322890392,-146.379223215201,159626.799554892
-714.52333259981,16934.6059269441,255709.176779625,-3370.05282380438,22.990604695094,697.511804362031,-147.083999723447,161156.900141584
-715.079780277938,18217.4649498573,259337.840914139,-3408.74728028331,34.5579618747961,664.434082541757,-153.795132232999,161918.287676957
-716.246626880634,17928.8788796855,261350.076142052,-3444.74786563961,39.9657769133751,638.44725231406,-166.388861554331,163725.371608781
-720.210060692041,17856.1707852652,264440.394197014,-3479.55716903152,38.8973043977679,609.273823725921,-174.08387126205,165236.828414639
-722.335250780605,17603.1962413199,267752.741237676,-3512.23378950942,43.679409326678,589.085784670989,-176.394297114629,166336.894827681
-724.148753581998,15811.3542457486,270025.032442086,-3543.90257720647,30.1152271293552,606.486479514334,-179.569059942683,167787.954676237
-726.714552982989,12642.0266392906,269179.798994037,-3575.33613141496,33.3969684358881,604.778060852012,-177.610306682174,169032.305176209
-728.894616875553,12134.2059827936,270202.628350749,-3608.85424849802,22.1398778003944,620.864242558859,-172.110213219471,170807.899156165
-732.038368442154,10053.5327728458,272064.206587959,-3642.72607748008,45.0715016404709,628.283930530158,-175.674217498612,172426.341849272
-733.815828088584,9720.77685423738,272778.455389781,-3676.68380239374,26.7163770843599,631.508342402478,-181.0045768825,173914.10785969
-736.348709133605,9308.587210247,273301.777137405,-3710.01982556453,52.200841402043,597.116196578417,-175.202410794171,175282.262696698
-740.262299445943,8781.98218073139,275580.46505952,-3742.2469227725,23.6907581044139,550.55861091614,-173.788355385534,176498.889649487
-743.227816368942,8757.59428673654,274994.977222045,-3773.53351052739,24.1325642129782,537.224106671533,-175.442490284172,178140.930879695
-744.287340257875,7531.75983868621,276651.72407846,-3805.21429335776,36.4843387663961,560.151636288762,-183.145556343414,178989.446794959
-746.69555754389,7390.11841221319,278030.233853568,-3839.51642853169,40.6296544716547,583.486431138729,-198.556206432694,180909.228026815
-748.28442196176,6815.98933631837,279251.549761571,-3876.60277623034,38.9801986103637,583.698953631913,-208.18688721153,182535.261069689
-749.508982097226,6459.80983984662,281004.461417994,-3916.61437096155,44.504918433152,600.619490008887,-210.353721582633,183732.358783555
-751.608827119113,6962.11622528124,282834.575845607,-3959.75834754319,31.4679195743104,610.830031139507,-211.993659787607,185283.332340603
-754.22613337706,6323.368277609,284901.341568503,-4005.02829317521,33.6965992233822,609.812972682877,-210.506678587818,186643.700573235
-757.115841140138,7517.34946766417,286896.762156635,-4052.4110182408,26.1190005755939,638.7362476123,-205.677626476535,188475.120334574
-758.786288886432,8776.33571366373,288311.314386944,-4100.32734943924,46.0935769034554,631.139391729053,-210.696552578893,190250.093928261
-762.03587431121,11060.2559634828,290321.979829665,-4147.40462525378,26.9736478046584,621.049578839978,-217.301691857608,191834.020063356
-764.265789569651,12417.1326129,293419.807379368,-4194.02447314298,51.6803722392953,598.787666211701,-211.485893992498,193303.241935165
-766.844159419236,12948.7168424037,296135.735149871,-4240.94432549935,23.7586089504514,574.890494473902,-211.016337768245,194647.457309642
-771.461910618202,14824.4014481697,299600.662644682,-4288.34034936756,26.7385849681584,542.056410118685,-212.802449891122,196346.071356765
-775.598141687111,15108.1151102448,301543.509510654,-4334.83273297325,39.5549038496547,536.853411426848,-220.796312334471,197274.769425694
-777.321075013791,16741.0790743806,304063.73142821,-4382.12260228972,41.6553205089913,557.184225605375,-238.427737021947,199326.359886721
-779.708120600077,16840.4431875304,306503.643482788,-4430.6229729465,40.6260147179504,562.738359390018,-249.802013316831,201093.090397353
-781.222563802706,16514.694807218,307870.009016078,-4481.50123537502,46.528725561265,560.711580480634,-254.014601544175,202366.603397064
-781.492568155701,15410.5509708901,308961.182789603,-4533.89437807811,32.8256698882211,570.457100594782,-256.820027871331,203982.10119684
-781.947632903757,16087.6499387621,312416.729822091,-4585.17023629364,34.2574906515485,596.84135195829,-254.106498338069,205464.980345145
-783.23329544674,16345.2891105236,313817.779976055,-4635.62029821774,30.4318419182652,628.856579268534,-250.011470672333,207351.758976995
-784.968797535622,17112.059112959,316678.580888594,-4685.24757653363,44.7576425965377,648.990512917256,-256.058219554723,209242.728006653
-787.359670767103,19970.4450852789,318461.9480705,-4736.38552314179,27.4032201898388,678.153585961655,-264.053266337719,210943.951828656
-788.100208312448,21463.074784547,319428.414521299,-4789.90826197716,51.405187807776,667.547931042696,-257.679587659536,212520.076299428
-789.519330411895,19297.2091894665,319738.201628787,-4845.06223188745,23.1596333266797,654.855732432657,-256.67138085076,213964.203864443
-792.832881084813,19303.1178904562,320207.852778955,-4902.23037280033,28.2988006978019,663.962891805469,-257.045794445822,215770.241186843
-795.476396512483,19686.4736601292,319993.802477867,-4961.15023236505,41.6774785828484,659.660865760771,-263.862249980153,216792.590469571
-799.76013172575,18660.191159284,320687.638727013,-5022.08459441162,42.3648803422891,672.157412364137,-282.347091471635,218988.778269278
-802.621431378739,18070.7482422372,323243.561627129,-5084.65318122052,43.3874459668537,680.086603062832,-293.608537785714,220816.574651492
-807.618579060782,14952.3143066833,324747.24690844,-5146.89632291356,49.0295625230298,698.970379104142,-297.737017484495,222201.252500182
-809.10163113777,12439.4303479109,328368.160627216,-5207.44758096076,33.0209905542821,676.226385148089,-299.08540638643,223965.652839779
-811.888888184442,8855.07676150532,330431.891681783,-5264.09000818914,35.856767619962,673.607431288346,-295.597242418068,225539.916559158
-814.710089604875,6860.86717161765,331660.937736939,-5319.24285622631,34.0177580473262,699.921097968476,-291.247753734366,227507.903885087
-817.276864176553,6660.87394165275,333211.564680757,-5373.43526367808,42.9751479482475,721.821416457595,-298.059298560454,229433.859012929
-819.015378449662,6151.85907306301,334512.992067831,-5426.69750999291,28.2384150935735,758.626931483885,-306.327341304995,231160.799066286
-820.535666244988,6467.55279606455,335966.245272858,-5479.38083153282,53.6829143859958,766.991544488034,-298.857021687279,232894.184165191
-822.126266409251,7438.96489953389,337906.408086799,-5531.05215855435,23.5807608572279,762.353102118173,-296.076724392319,234465.875296725
-824.870273547078,8161.65106302882,339974.43151937,-5582.7825716815,30.2140637330628,779.247191836249,-295.04293451765,236399.17399433
-828.616844828063,7811.76757257257,342759.496344132,-5636.34885840736,44.8503322760599,781.860662419416,-300.855228120892,237547.069374557
-831.572961309103,7379.39103176089,345462.014379082,-5692.94419186955,43.3664695603397,810.185095096807,-318.81795573689,239862.187334745
-833.717279666245,6553.42518934316,348435.482180022,-5750.52011079087,45.7636653990131,863.940910034831,-329.770821195468,241850.936752936
-836.81351197134,5490.44188645334,350806.750518082,-5809.06871740635,52.0109014153514,874.936445161916,-334.283937885268,243380.460377927
-839.330316731117,5043.98087571115,352166.994747244,-5865.90005819484,33.4620236159259,845.069008417853,-335.350148943631,245233.710499077
-842.839534881977,6319.49316951073,354549.187616962,-5920.67140948762,37.8228016238073,860.971686435689,-332.846129616478,246923.296064409
-845.371649815064,6503.1092027433,357034.248752613,-5972.47985165236,35.7329102189652,891.449287706316,-329.02225145841,249009.32977016
-847.587161849318,5135.42671245489,358828.11541571,-6020.3332338482,41.9923141855863,917.081449847954,-335.452234828432,250972.829411586
-850.019262904831,4487.1732011951,360494.043589575,-6066.4933749134,29.1981360327068,911.773283434277,-343.086654654471,252792.097846673
-852.509174416472,4892.11679720378,363578.27041449,-6111.76780638657,55.4015213400102,908.751788363074,-335.679851158658,254661.166571176
-853.082239472931,5303.63089787385,367191.863750931,-6157.42519179081,25.6014535505225,930.313043957099,-332.359477537471,256306.272304171
-854.304253964703,6150.98970104781,369769.218446328,-6204.3281498659,31.4056211604388,935.687785056308,-331.47403005376,258371.917284443
-855.296599119716,6736.44591914448,371643.210291566,-6252.60786665985,46.649486723949,940.358159338944,-338.23481709317,259604.677546083
-858.281405067815,6586.49538151256,375399.391122336,-6304.2703595045,43.6893566720186,902.161395765312,-356.716450583918,262067.311331058
-860.544564348081,5933.47487694507,376521.8845012,-6360.0780462039,48.5656901491856,916.391620122098,-369.799839753132,264138.866294564
-861.684714686683,5450.38283501959,377664.198434888,-6419.13384204804,53.8429643780873,900.090324490354,-375.469243031104,265759.382423601
-863.82997854173,5777.85456654314,380394.085662475,-6480.49704630589,33.8820953550559,851.85538671743,-376.863141291461,267680.433122328
-868.232664007866,5414.01790803398,381654.631943587,-6541.93956210863,39.3103798052055,866.411012962864,-375.290417346784,269478.860153587
-870.575703472499,4419.11681078702,384653.58160366,-6603.61576510432,36.3725287859114,897.206719366335,-371.584597091247,271603.761447879
-874.79030390638,2932.45882298783,385912.07243009,-6665.47306792907,43.8965482584216,897.425392035098,-378.737167438863,273654.782825379
-878.254818725693,2434.39145157447,388560.526710449,-6728.15970003586,31.0172792007125,883.550595606351,-385.023958460272,275537.047667587
-879.446410854856,2019.37765664496,390552.172131047,-6792.51646778331,55.7834863190682,897.017746826129,-377.389897595689,277497.919237143
-880.928963377496,1468.09019635048,393693.219433669,-6858.07819604714,27.7158413087853,930.562105373433,-374.694077973228,279199.003604274
-881.98891672778,1231.17321851984,397436.318120218,-6925.93664090553,32.5863001158595,940.464221469838,-374.838426449457,281397.950235966
-883.756326655259,1005.15247366434,399872.156295901,-6994.96140651869,48.8072100006041,927.770404385621,-383.246896095503,282771.349322691
-886.070419884315,844.348091408441,402855.45121309,-7065.37450009551,43.9424136378843,906.89164553834,-403.127848161027,285351.802352656
-889.299061862812,779.11305843954,403263.769980588,-7135.76565155158,51.5780994741809,914.556118759975,-416.102357061167,287494.595782572
-890.178428086974,713.928646310517,404929.024072343,-7204.93643134676,56.2412385540872,911.419667712739,-422.802112949668,289276.842258612
-892.174268657693,555.799415194704,405626.143399706,-7273.19193984817,36.5899302493378,881.203334049973,-426.587568933038,291239.685744856
-895.135281287612,437.305740375683,407817.191720381,-7340.94910944639,40.5195567935116,857.333884621746,-424.888852411096,293143.482888917
-896.693189822544,419.88946272529,409950.193827351,-7408.66670339285,37.2874405000656,854.412431287003,-420.58715950815,295358.177433598
-897.784209798682,649.374009401109,411957.281731395,-7477.0903800654,47.3145520389369,853.74150783807,-426.568992286309,297535.351032988
-897.968274991921,937.570815257626,413955.097695764,-7544.50179695639,33.0126481288253,841.442861827829,-432.673469281675,299513.594028152
-900.484436071713,1139.87507540415,417178.056819106,-7611.25167300866,56.6586257056129,836.216595895328,-424.322787660355,301625.638638547
-903.216741509635,1919.87730870584,419436.694215648,-7676.08667450033,30.7077619914127,844.213189016599,-421.601559774182,303478.230839059
-906.014094626802,1830.76499578264,423801.402477059,-7739.22799212553,34.8073167614519,857.327099047213,-424.232139749546,305830.709407095
-908.782828707309,2228.43795508661,424341.473671731,-7799.34014359992,50.8302406622633,892.419783009869,-432.379431407132,307276.15466641
-911.537280615669,2980.45516444367,426847.042039383,-7857.25472220163,43.1229224288093,954.779740256222,-453.404541714064,310024.216015046
-914.218156205458,2838.80489819908,431334.704570896,-7915.82738251949,53.5853721101301,990.47626993083,-464.145268748339,312264.232729036
-915.14802213262,3727.5642811566,432835.021247699,-7974.79880788193,59.4667019923733,977.135965944978,-469.453699542127,314161.040109683
-917.895685526705,3979.63115254511,434265.533710668,-8035.81257038932,38.6282983201668,978.704534660811,-472.196825025373,316214.909540924
-920.667804504386,4275.05387501572,435857.516526479,-8097.51892089761,39.4194291823808,956.406539624588,-468.19218880057,318272.569561239
-922.403710628643,4268.71203091632,438112.154632323,-8161.09698015533,38.7366752243032,976.572606406738,-463.134859886628,320687.497064228
-923.47708718553,3812.27771236464,440144.242846307,-8225.96299009776,49.1009962579182,971.870399686835,-469.203074987697,323010.680689408
-926.32567785983,4050.38867742544,441919.436230026,-8292.72929989339,34.4768990658183,968.848553556691,-476.959182062038,325071.265641031
-929.236250168972,4569.05791586196,446298.535614573,-8361.1092129068,57.7741173033841,1010.51710403579,-468.149990287591,327308.919606654
-931.12649818494,6849.87767965304,449116.880244179,-8431.55246899181,31.8764859105951,1044.83364880074,-466.120410799385,329285.235418165
-932.335236819886,9388.0102596489,452944.083795699,-8504.58390880179,36.5458454789596,1055.17591286723,-468.070770824266,331827.9895835
-934.687739621238,10715.2148870141,452171.287438285,-8579.63051454552,51.7696644344872,1076.5744500376,-475.903092411981,333357.639656357
-938.429115935536,11134.4058208266,455339.042312989,-8657.59191357233,42.8093534129806,1131.313133436,-497.401959214775,336260.410651241
-939.286435119185,9390.78433676243,459106.289936792,-8737.97736363774,54.4347879743435,1135.53827694381,-506.610272848082,338583.198501382
-939.888167923905,8468.23524789114,461328.009683167,-8820.89303127589,61.3352468480049,1139.09627778417,-512.094129453163,340593.000274444
-942.588404714534,7611.01364361963,463507.133680622,-8906.29444065488,39.2835974954182,1174.83819099988,-512.091986369814,342767.383324711
-945.028714180835,7030.96982687323,467723.15932219,-8991.95039730614,40.7572997342937,1171.63067629071,-507.417925816678,344863.156105815
-949.11569089095,7073.5720708787,470493.842998414,-9079.6177191403,40.7519997773959,1183.01592560406,-502.031321277999,347454.789974484
-951.175875340422,6507.93731848591,474309.791914903,-9168.3471762659,50.506179078769,1185.40491567116,-508.73845739246,349898.128799542
-951.821229095258,5866.96628035035,477638.582586416,-9259.82855555599,37.4397853641606,1186.81376851852,-516.688830358922,352046.222777297
-955.456386083428,5452.91756400928,480127.209737114,-9354.57002524791,58.0273938210658,1221.27433031432,-506.814362634866,354346.606019625
-958.782888342233,5724.26298369037,482259.858006926,-9452.35446165516,33.1204215821835,1235.62394974209,-506.27003157688,356447.11073794
-961.91431664105,5890.46117994532,482960.744313824,-9550.46809878339,36.8259879725226,1233.11423340685,-508.342429886451,359177.876121271
-965.049875369206,5455.40975781753,482569.783102444,-9647.05756846615,52.1977901525288,1226.95551922255,-515.510303798443,360858.734905815
-969.538346825183,4831.41203044445,484384.05660434,-9741.50214039314,44.016994972705,1214.40939847627,-538.03660361235,363830.290480338
-971.741022517013,4778.38290675563,486905.273505784,-9834.75940174399,54.7453383164776,1157.90634493489,-545.891945753093,366248.075039557
-975.556688775437,5126.62357355057,488824.630100522,-9925.20540806884,62.0611772026336,1121.56657605343,-551.46571524557,368356.871925369
-978.161769482761,4995.07999441744,491962.069890882,-10013.786053718,41.5657789343717,1158.00858710468,-549.739424106222,370667.438527901
-979.926551874923,4335.06285494937,495074.054547941,-10101.217978542,44.4443240212774,1172.0092619058,-544.19938799287,372927.959423
-982.32819923366,3944.91388051106,497322.905384719,-10189.5631373744,41.7453339720601,1145.70178526698,-539.937245355022,375639.659134287
-983.756598777981,3882.37147355202,499852.972711806,-10279.5260820358,51.8863701901494,1121.28115361197,-545.910230970663,378237.569452324
-985.923991321762,4270.13181916591,503871.76677912,-10369.4454596067,40.934340439636,1085.31001835868,-554.157917475461,380440.700781765
-988.849040376209,4725.9503822011,507037.824775515,-10458.1170195835,56.7088108346568,1045.9530592082,-542.352768985673,382809.633530699
-990.619208125273,5938.22461696234,510739.481350887,-10544.6343224857,34.179889112492,1053.91252401692,-542.67893438172,385099.294989642
-993.257481787398,7282.35971405249,514061.888634647,-10630.9661612201,38.2625010290379,1055.28382997446,-543.356818218532,387971.572282321
-993.848733380167,7222.12890878368,518895.73226919,-10717.5131802597,53.3657187241532,1066.43999675638,-551.239938347817,389674.552336339
-995.854933931505,6412.73866462137,521997.805892522,-10803.7155035124,45.1734375580861,1057.0434020985,-573.55236772962,392763.057553973
-997.249905708435,6649.0811525255,523565.607716373,-10889.7676835095,54.4572106551817,1011.18124653887,-579.625996474733,395303.752730118
-999.180281491729,6619.01788233076,525354.932886193,-10976.1069975981,63.7389419319583,979.335802544279,-585.405775898332,397461.355807429
-1004.42219214872,6513.44620977248,527991.310568723,-11062.8831015312,45.2251625223524,963.488304224191,-583.218722613925,400002.725552672
-1008.6303074106,7764.20538932348,530225.074385495,-11150.8399059145,44.9022912937363,939.601276270522,-578.546160423895,402391.949047215
-1011.70656337837,7843.64733125922,532560.195951736,-11240.0366492561,42.1692931295382,926.378204006154,-573.689449546527,405218.689984668
-1013.91405501893,9597.64775927034,535896.563013367,-11328.0305255794,55.0819212893858,941.88112646326,-578.573482015416,407895.915088162
-1018.54153067459,12191.475132173,537648.161121096,-11414.3409869213,43.7386878273139,945.325942716423,-587.353162724112,410153.7758704
-1020.30900048559,12602.1171359622,537763.385537155,-11497.3336760852,56.1678731230514,898.508609625127,-574.939223705963,412663.480748595
-1023.11737168323,13614.3577231558,542359.798400209,-11577.7556134006,33.9925012045545,920.402988368572,-573.599087466302,415072.764958606
-1026.2653490172,14621.2877449723,545726.249247045,-11656.3399781349,39.60945026732,960.584033361983,-573.721112734754,418170.574241991
-1030.27842706416,17536.7369812873,550005.653583959,-11733.0884608931,55.5138467411296,1024.25282566334,-582.671591778331,419910.936965535
-1034.34865722729,21944.8261028393,552526.444192137,-11810.0160027696,46.4427447435678,1040.12149333216,-604.161538859161,423112.535972528
-1036.91915742097,24123.6196353823,555337.070027897,-11885.5460306199,54.3472692101186,1074.72554228115,-609.505234735101,425692.670859549
-1038.76120464701,25939.1852106278,555233.096194876,-11960.6406286243,64.5449693858706,1093.03517062574,-616.280417114207,427929.911209325
-1043.07672871498,28498.7882468821,557855.253411921,-12037.8404480298,47.6972857692631,1084.93803440439,-614.155081201402,430686.156665421
-1046.75296931226,33244.5493750382,560911.729877764,-12118.0732660254,43.709170614605,1059.03044663754,-611.217630236724,433196.87852534
-1048.77167606616,39240.2004011324,562560.748769401,-12201.9246914227,45.662851411844,1017.62971007793,-607.19928560034,436192.699823255
-1051.47479660195,37315.0790735735,564396.924341184,-12286.4923779928,59.3243905414406,1028.82656566223,-612.728355499227,439040.218418058
-1051.68519957333,37306.0714037218,568547.76036341,-12371.542377043,46.310908151719,1066.05883650157,-621.83639798742,441419.388386679
-1052.3574534339,35520.6481586336,572064.573710904,-12457.7680397775,56.9254637514859,1094.02789456062,-612.273802903805,444031.181016295
-1053.76477176573,32428.8675647852,574696.598336221,-12545.5435822527,33.823512878069,1125.31036745262,-610.371440542744,446592.588787306
-1055.89769336512,29087.5368164784,577864.120912154,-12635.7920262303,42.5494360038791,1147.06004273452,-609.596297885749,449900.480201559
-1057.8893908281,26621.7257252127,578871.068250211,-12729.5007766359,56.0580757240487,1168.57061005684,-619.82218407171,451708.293681041
-1060.84042032855,27814.631183447,582829.012776499,-12826.8905149901,48.7353573531391,1219.47570225876,-641.323173248413,455051.960232621
-1062.63370147515,30677.2198507245,583157.177311921,-12929.3168145354,55.2261704425782,1236.03826849568,-646.787821960247,457660.76577256
-1063.36217305832,30515.3492949069,584269.687222501,-13033.052124376,66.0974273137639,1220.67121310951,-655.091548455121,460000.645921813
-1064.2918835236,33627.7613626101,587392.096836123,-13137.6951589053,50.6379968011154,1221.70992652118,-653.325705245353,462924.49755147
-1067.1552243329,34293.9393589754,591650.008259178,-13241.3217614275,43.6958818999966,1207.09492398226,-649.213947508852,465644.778574145
-1071.17929603895,35967.5662946349,592464.043203888,-13345.4927997356,48.9548420965464,1164.7693784794,-646.348420882528,468780.356584748
-1073.90730707567,38217.1647464498,595732.002864034,-13448.6466201994,59.3333585812378,1134.59387215438,-651.42813024745,471813.585975721
-1075.84676015228,41758.6439483028,598842.960574494,-13550.8191256905,48.0701928772622,1143.79209299085,-660.037629525161,474326.604219309
-1076.73129521486,44671.9187036186,601703.374783085,-13652.607943998,58.9082302924783,1196.20705081028,-653.0338106984,477134.305753068
-1080.09170509091,43747.6312499551,603667.250877041,-13754.3344070186,36.6365469313888,1256.93152850634,-652.678579427164,479844.907478515
-1082.22379877091,42021.3095420253,605142.88495889,-13856.7285631462,43.958444653451,1252.08471705613,-651.1128930131,483278.83577077
-1084.261205139,41844.3822419426,607828.005161337,-13958.3181939524,56.7360505059229,1250.042405545,-662.293312267147,485148.172799063
-1085.32076738819,39201.6341102833,612132.517297148,-14059.4686615944,50.7261471282778,1308.45156461312,-685.130064942804,488598.581424821
-1087.42262032621,33412.5072471785,613232.231641845,-14158.7828356012,57.8436153209601,1366.07633336149,-689.261856397452,491377.701928462
-1090.04527187351,30463.8742490801,614417.767247137,-14256.0787320047,67.5668152951138,1401.65682913262,-698.095098362639,493795.275542798
-1093.55307989027,27784.8135420663,618958.24014571,-14351.7124727453,52.9890981267574,1417.69498332931,-696.166564788666,496795.796097823
-1096.59404733103,25590.8781716272,620388.039697763,-14446.1066320924,43.6085871740446,1447.47241363489,-691.973158416348,499630.783270631
-1099.3939859055,26322.0885769798,619587.723796503,-14540.5942270012,50.8365721405559,1478.9788035721,-688.372814782297,502801.45527371
-1099.43698303938,28640.9818959828,621629.2724474,-14635.7325474359,57.7870005987338,1480.24944457222,-692.952350505955,506010.725564069
-1098.8777092325,25794.9188744037,624559.628638113,-14733.0834818013,49.2194884696741,1460.9874170712,-701.254227456932,508735.3655802
-1100.82106704316,22643.640417526,627474.532023069,-14832.7205503319,60.1296589379134,1456.03923416229,-694.036623473057,511749.525132907
-1104.10098060296,19821.5654601878,629160.543927996,-14934.863468841,39.1487729154305,1429.47110274176,-693.046313595383,514697.897276796
-1108.55561119854,17997.7771498892,632241.704312246,-15039.1077256059,44.030390992673,1434.69574821938,-690.777915328777,518264.069043903
-1110.73836416808,16243.2605447913,634799.407686757,-15142.5247102056,59.5804119235544,1440.40109521192,-700.996772336894,520261.619610461
-1114.10914719533,15020.8123971304,638896.351374925,-15244.9203420805,51.6084744777719,1394.17765741705,-723.347526612068,523783.877076683
-1114.32287110236,14265.4430061614,642355.406025014,-15347.2260021121,60.0589486632138,1354.37373157368,-726.546708394387,526664.042520743
-1117.127099076,13513.5776258531,646358.88073817,-15448.9103694521,68.3544264427256,1357.78776504729,-735.856226017725,529185.349445024
-1119.41033182544,14347.9900127485,649881.794825476,-15550.7283421234,55.2461482279549,1388.77155070026,-733.032599433842,532263.909907575
-1117.89871702904,11848.0246743215,653491.75939157,-15650.8528933454,45.2960387219382,1414.24385528232,-729.020670011105,535259.945876448
-1120.60939049305,9738.5717273374,657570.696266002,-15749.7288691566,51.8839618816374,1396.76434712157,-726.127355136005,538542.701853959
-1122.67898238667,8956.40086871147,657531.498063093,-15845.5698959331,56.6829541304472,1367.24798529101,-730.66935727351,541891.941456333
-1126.04530502625,7423.91199323027,660683.058405184,-15939.1496975482,50.7649528739546,1429.63109071075,-738.884568073133,544781.609144745
-1128.19521548959,7072.90246286088,661526.785704898,-16031.0753913763,61.6122608505521,1496.63201764037,-732.509395847072,547971.660144968
-1131.34265816115,5670.9028372241,664672.270138941,-16120.0506533449,40.3003987737126,1516.74569664068,-732.223848860946,551090.42138728
-1133.72272330564,5160.08902610287,669326.59548224,-16208.119080197,45.3046262745262,1519.35487633226,-730.494807365355,554741.395189329
-1136.33603645502,6405.61912798792,671993.951540671,-16294.6050594469,62.228206467208,1518.22442725502,-741.673990720578,556852.29556161
-1139.87855764167,6130.39728190205,673852.875258042,-16381.4908900557,51.1949833540838,1528.70503044401,-764.255283187287,560434.622375141
-1142.39718675232,5227.66076733349,676399.617318009,-16467.275532624,62.1599016748117,1524.13519980502,-768.702828256422,563467.536181791
-1143.74747657084,5285.96251404044,681441.899299511,-16552.0733706706,68.0825861498389,1509.20696706226,-779.741009755104,565985.982656589
-1144.28084226011,6225.83413947183,684919.250332416,-16636.027889586,58.4142914781274,1502.39444741322,-778.497315400016,569320.346166467
-1147.63086401146,8247.07883851786,688331.166490014,-16719.8046950346,47.6092170665316,1504.77890270927,-774.856107488116,572475.020572708
-1150.37504550737,9868.92344472393,690569.44943029,-16802.744371247,54.5370363589305,1525.97689116115,-772.045446525507,575795.852294071
-1151.59893302492,13036.3113416692,692669.55894676,-16886.1091789461,56.6937177130913,1475.91523369252,-776.688920565314,579289.253222034
-1154.81727557718,16433.2610705688,695235.191686515,-16970.386800234,50.7112672636683,1513.18117448979,-785.309881658342,582201.197954501
-1159.81616482305,18426.3474314283,695834.128560256,-17055.4469321466,61.7652962266868,1550.64374403518,-776.799678470304,585560.216992759
-1163.54944145231,18430.3138940694,700161.632571879,-17140.3978576139,42.6282879172956,1567.90344881535,-777.20995741808,588718.913718593
-1167.08163367292,19898.5153258669,702763.861279827,-17226.7261633971,46.2523977688579,1589.69281752789,-774.784617149475,592474.050584802
-1169.562170034,21056.951458582,702970.924778067,-17313.8888386625,62.969265077451,1580.17626121335,-786.098441279694,594696.14406829
-1172.30080220293,21248.3325205468,705387.283321897,-17403.3988983282,51.6787157612418,1546.84464450646,-808.991011947955,598373.674102733
-1174.45159902223,18550.7051633141,707759.05209768,-17495.1681586555,63.6570892660638,1508.27076642055,-815.182363326964,601494.631683967
-1177.14831234001,18647.1000483441,708117.221977649,-17587.7910994206,67.2758307101387,1508.33537553676,-827.022424250235,604142.187388979
-1179.14878877569,21428.6882869375,713600.352731982,-17679.947420275,58.2622366442916,1528.70475796444,-825.5580957914,607680.07535654
-1181.76153012559,26626.9702644834,715276.271950883,-17771.3940293792,48.8636920437888,1505.97182566649,-823.316820824149,610895.143559661
-1182.93060261813,28761.1166301118,716338.751266968,-17863.0911446382,57.2704547747826,1494.85866481422,-821.672380931107,614321.568371839
-1185.76198393439,30289.1287242906,719517.886565291,-17954.8931541599,57.1893824791399,1447.571940327,-826.430937378912,617895.805671179
-1187.87064299824,29657.2930209731,723986.382003493,-18045.4120773947,50.7212551719717,1448.18142293266,-834.243875445069,620878.906064867
-1191.02209515889,29640.0129946309,727077.991851765,-18133.7176390475,61.6043007385118,1445.88499768385,-825.814662858369,624437.140128501
-1193.27219326315,28826.3807630303,730561.081863414,-18219.4444965348,44.9900727306388,1424.10508969794,-826.630375630335,627629.651851531
-1195.61250036355,27831.9947809726,732034.18323435,-18303.0105200722,47.8268593145955,1426.0579440024,-823.989951084338,631544.969344966
-1199.60616421754,27250.5208251726,736250.521381832,-18383.8501395752,64.9403865364124,1454.8653222576,-835.581130262068,633850.805073794
-1202.36316191235,28219.8960761067,739878.345300611,-18461.6537169423,51.2650895121735,1419.7037478681,-857.726901939816,637654.03744994
-1203.56861390063,26063.2013433985,743329.522889296,-18535.9839549016,65.0629673891454,1383.48279880856,-862.658142679326,640980.835343456
-1204.98794861997,25680.4923359453,747601.87309255,-18608.2006286451,67.1925874520562,1424.12596342572,-874.1960201463,643746.72832163
-1206.98471376735,24216.9373164136,752401.297052379,-18681.453020837,58.9988811507755,1461.91256561425,-872.23163097229,647417.690655214
-1210.42308423265,22990.0375963824,754790.414949292,-18756.6455178778,52.1174347681135,1530.11962566682,-870.476217291666,650806.131454196
-1211.76465079424,19261.1411160412,758576.86994369,-18832.7945900262,59.076737398756,1521.71865021695,-868.218455201378,654317.195458234
-1213.81118026056,16251.8823606575,760238.367580651,-18909.6241646372,58.4824836617539,1502.87041287528,-872.299465049863,658099.223673265
-1216.51814691987,15160.9404493204,766525.54824519,-18987.2123502475,52.5989043160775,1481.33915677848,-879.630454387421,661253.694224644
-1217.25259649517,14461.7147776882,770807.450443453,-19067.6459970763,63.7590316355641,1500.83890848054,-869.641893079765,665000.542850745
-1220.03642701048,14155.6407893489,774354.460426426,-19151.1610407376,47.8448712513126,1542.88053593799,-869.9159221986,668310.832812243
-1222.12365937185,16851.5190618564,776827.296361517,-19238.4086386666,47.4159169404173,1570.24458301897,-867.468744388415,672358.499012251
-1223.10458967216,15965.312264851,779519.416169337,-19329.0994679144,65.8292648416108,1624.75187884043,-879.621433996771,674674.550336004
-1224.56186961039,14022.3270755095,780882.439721421,-19422.541815675,51.0101431657866,1662.17032484336,-901.855906604571,678682.90661173
-1227.01587303934,14100.1381383859,783822.785104148,-19518.3326835109,68.3416507364697,1629.23125165219,-906.750369922679,682164.779887009
-1229.76431392233,13590.6671551224,787747.686237773,-19614.5400578327,68.0804869957643,1614.86831800768,-918.063441269317,685015.822975606
-1231.79327264469,12941.8618823399,790317.820929495,-19712.5517187212,60.665239229286,1645.17851944838,-915.09413428488,688810.89882768
-1233.5317576868,14015.305554002,792213.605549894,-19813.1372935632,55.0318470930014,1610.07188448946,-912.934054512737,692279.247177026
-1235.71177289094,12741.7854875991,792614.668618278,-19917.5048222535,61.0580028066705,1591.73316310533,-909.727210384027,695915.343379757
-1236.67303058986,12313.8873792423,796123.279324058,-20025.0862080542,61.2015086925055,1579.49214837208,-913.778855778614,699803.998877864
-1238.79475258119,11934.5197850461,799755.434778201,-20133.1040890717,55.5014487987277,1559.9763382726,-921.047851007568,702935.0844681
-1241.76405017129,11200.4521697079,802820.235811971,-20239.7335505765,63.5835225841356,1530.81195987609,-909.924435300973,706831.515532412
-1243.65137715205,11897.2663697942,805181.447253002,-20344.8887368023,47.9759546286706,1535.68249042267,-911.137100925602,710157.466014906
-1248.07911590727,13610.774042248,808625.026311276,-20449.5564800975,47.1589540536287,1551.16822910466,-907.863130884862,714338.36064258
-1250.3796282595,14682.5333897766,809712.745941763,-20552.8912757439,67.1906659537626,1579.39462431872,-917.631952958171,716694.146311293
-1252.18450247508,14579.7540267638,810323.121465881,-20654.9812565704,50.1041035554244,1602.50142034204,-939.821125054971,720895.73037558
-1254.62019172349,14496.0519717255,810703.566273473,-20756.085760524,71.7231905413933,1612.44802856093,-943.621629429901,724535.504767736
-1258.06399439139,13571.7401034737,812760.172370933,-20856.5979951212,68.2338096612451,1628.64606542624,-953.727419320511,727588.201166618
