fecha;DEM;WD;TEMP;TMAX229;TMAX230;TMAX237;TMAX417
01/07/2007;590.803564;7;23.1;28.4;27;27.6;24.8
02/07/2007;738.568372;1;22.65;31.2;28.4;27.7;26.4
03/07/2007;774.875745;2;23.275;33;30;30.2;25
04/07/2007;783.546441;3;24.375;33.9;29.5;28;25.6
05/07/2007;771.248135;4;21.675;36.2;29.4;26.4;26.5
06/07/2007;773.842848;5;23.7;37.4;32.2;27.6;25.1
07/07/2007;674.759259;6;25.9;37;34.2;28.8;24.9
08/07/2007;604.443592;7;26.575;35.1;33.3;30.2;26.1
09/07/2007;761.053642;1;24.025;32.3;28;27.8;25.9
10/07/2007;764.941916;2;21.6;33.8;27.4;26.1;25.4
11/07/2007;774.402573;3;22.6;36.4;30;26.8;27.7
12/07/2007;785.125839;4;24.375;37.4;32;26.8;26.5
13/07/2007;790.629511;5;25.1;38;33.6;27.5;26
14/07/2007;687.691067;6;25.975;37;35;27.6;25.7
15/07/2007;605.938209;7;25.3;32.6;33.3;27.4;24.8
16/07/2007;758.619579;1;25.05;29.2;27;28.6;27.1
17/07/2007;784.833481;2;25.2;30.8;29.8;29.2;28.7
18/07/2007;789.795799;3;24.6;32;31.4;28.6;28.1
19/07/2007;785.186073;4;23.55;31;29.8;29.2;26.7
20/07/2007;763.508571;5;23.35;29.6;27.4;28.5;26.4
21/07/2007;654.153016;6;23.45;30.2;28.5;29;24.8
22/07/2007;578.819318;7;23.575;32;28.5;28.2;24.8
23/07/2007;739.994018;1;24.4;29;26.2;37;26.2
24/07/2007;763.399345;2;23.75;32.6;28.4;28.9;26.2
25/07/2007;770.266486;3;24.75;36.8;32.2;28.1;25.4
26/07/2007;788.333134;4;25.775;37;34.7;28.6;27.2
27/07/2007;789.125738;5;26.375;38;35.5;30;26.8
28/07/2007;687.976038;6;27.5;39.8;36.4;29.6;34.7
29/07/2007;617.111933;7;28.125;41.9;35.6;30.3;37
30/07/2007;770.799735;1;27.625;41.4;35;31.2;38.9
31/07/2007;788.038991;2;28.025;39.4;36.6;30;38.3
01/08/2007;785.891886;3;28.575;33;33.6;29.6;29.3
02/08/2007;775.010299;4;26.05;35.4;33.5;29.8;26
03/08/2007;769.091164;5;26.95;40.2;34.2;29;26.1
04/08/2007;686.389569;6;27.275;40.9;36.9;29.5;27.1
05/08/2007;612.47625;7;27.6;37;35.5;29;25.8
06/08/2007;711.836659;1;26.7;31.5;29.2;30.6;26.7
07/08/2007;705.627266;2;24.375;31.7;30;28.6;26
08/08/2007;690.471297;3;21.725;34.8;27.9;27.2;25.3
09/08/2007;694.744628;4;23.3;37;30;27.7;26.4
10/08/2007;692.427217;5;24.075;35;31.4;27.8;25.2
11/08/2007;630.784345;6;23.9;33.6;31.5;29;26.1
12/08/2007;566.444854;7;25;31;29.6;29.8;26.5
13/08/2007;654.212382;1;23.525;32.6;31;28.5;26.2
14/08/2007;674.150585;2;24.625;33.4;31.2;30.8;25.6
15/08/2007;599.258186;3;24.825;30.8;30.7;32;25.7
16/08/2007;664.086146;4;24.45;32;28.1;29.8;26.8
17/08/2007;666.349375;5;24.125;35.6;28.8;27.8;25.6
18/08/2007;624.160909;6;25.675;36.2;31.5;28.6;26.1
19/08/2007;566.929919;7;22.7;33.8;29.8;29.4;26.1
20/08/2007;669.766132;1;21.3;34;27;27.4;26.7
21/08/2007;686.13718;2;21.225;31.8;24.4;31.3;26.5
22/08/2007;668.869664;3;18.35;30.4;23.5;24.9;25.3
23/08/2007;672.296562;4;20.925;31.5;26.2;27;25.6
24/08/2007;671.261839;5;21.625;33.5;25.8;25.1;25.4
25/08/2007;612.705708;6;24.575;22.8;27.5;25;26.2
26/08/2007;564.169848;7;26.875;31;32.6;30.4;25.5
27/08/2007;718.782934;1;27.575;35.5;35;31.6;25.4
28/08/2007;760.45509;2;27.275;34.5;34;33;25.6
29/08/2007;761.006784;3;25.75;29.4;28.4;39;27.1
30/08/2007;740.450695;4;22.5;31.8;26.5;28.4;26.1
31/08/2007;728.041301;5;21.45;32.5;26.3;27;25.8
01/09/2007;647.963799;6;22.525;34;29.6;28.6;25.4
02/09/2007;588.340125;7;23.45;34.8;30.7;28.8;25.5
03/09/2007;746.831436;1;24.625;35.2;31.7;28;25.3
04/09/2007;769.915261;2;23.425;35.1;29.4;27;25.3
05/09/2007;765.586464;3;22.675;37;29.4;26.6;26.9
06/09/2007;768.571339;4;22.375;36.2;29.6;27.1;24.9
07/09/2007;762.250776;5;23.925;34.2;31;27.8;25
08/09/2007;649.624535;6;23.475;33;30;27.4;25.4
09/09/2007;581.709648;7;23.425;27.3;30.2;27.8;25.8
10/09/2007;716.559599;1;24.025;32.4;28.1;27.8;25.9
11/09/2007;716.151964;2;23.425;32.4;29.4;28.4;25.7
12/09/2007;750.752735;3;23.175;25;27.6;27.6;25.8
13/09/2007;754.834044;4;23;29.5;27.2;27.4;25.9
14/09/2007;743.007866;5;22.275;31.4;24;27.2;25.8
15/09/2007;637.578683;6;22.475;29.4;27;27.5;25.1
16/09/2007;572.41407;7;22.95;31.2;28.5;26.9;25.2
17/09/2007;733.599008;1;22.65;26.4;26.2;27.4;25.9
18/09/2007;748.699295;2;22.225;27.4;25.6;27.3;25.9
19/09/2007;738.750703;3;21.725;29.6;26.4;23.3;25.4
20/09/2007;746.78646;4;21.45;31.6;27.3;27.2;25.6
21/09/2007;738.619861;5;22.3;28;23.5;24.6;25.2
22/09/2007;632.625711;6;21.875;29.4;26;23.1;25.8
23/09/2007;561.817424;7;22.675;31.4;25.5;25.8;25.6
24/09/2007;705.558564;1;21.5;32.8;27;28;25.2
25/09/2007;739.005637;2;20.85;30.2;26.7;26.6;24.9
26/09/2007;727.356476;3;18.725;29;20.8;27.2;24.8
27/09/2007;717.359798;4;16.125;28.6;17.7;23.4;25.2
28/09/2007;711.19879;5;14.925;29.4;20.6;23.1;24.3
29/09/2007;625.981407;6;18.675;24.2;19.8;26.5;24.3
30/09/2007;561.836352;7;19.55;23.2;22.2;28.3;24.6
01/10/2007;714.486891;1;20.55;22;19.3;26.6;24.8
02/10/2007;735.624052;2;20.45;21.6;22.5;26.6;24.9
03/10/2007;738.827622;3;20.25;23;17.4;26.3;24.7
04/10/2007;732.442376;4;19.8;24.8;18.9;21.3;24.4
05/10/2007;721.259002;5;19.325;25.6;20.6;28.6;24.9
06/10/2007;627.139671;6;19.175;26.4;22.6;30.6;24.5
07/10/2007;560.679854;7;19.575;26.4;22.2;28.2;25.5
08/10/2007;699.746667;1;20.55;27.5;23.7;26.8;26.9
09/10/2007;705.794628;2;18.7;28;22.2;25.2;26.2
10/10/2007;723.767832;3;17.65;28;21.4;24.5;26.4
11/10/2007;708.33366;4;15.75;23.8;18.6;19.6;26
12/10/2007;577.616258;5;17.55;24.8;20.6;21.6;25.2
13/10/2007;579.51243;6;16.275;25.4;20;24.1;25.6
14/10/2007;543.077556;7;16.5;25.8;21;23.6;25.7
15/10/2007;694.664848;1;16.225;26;20;22.8;25.6
16/10/2007;717.359589;2;17.5;26.8;20;21.7;25
17/10/2007;720.221067;3;17.675;26.6;21.6;20.6;24.3
18/10/2007;719.167296;4;18.025;27;21.4;20.2;26.3
19/10/2007;715.822603;5;16.2;26.1;20.2;23.6;26
20/10/2007;623.100316;6;16.275;27;22.4;23.3;25.5
21/10/2007;554.566631;7;14.275;26.8;17.8;22.2;24.8
22/10/2007;697.994897;1;14.125;26.8;20;25.8;29.2
23/10/2007;725.781003;2;16.125;24.1;16.6;22;30.2
24/10/2007;731.657502;3;14.7;18.6;14.2;21.6;27.3
25/10/2007;732.958037;4;13.625;20.2;15.8;20.6;27.4
26/10/2007;729.16692;5;12.025;20.6;13.8;18.9;25.4
27/10/2007;645.809377;6;12.575;21.3;15;18.6;24.6
28/10/2007;606.47699;7;14.65;22.8;17.6;21;24
29/10/2007;727.324303;1;14.625;24.4;19;21.3;24.7
30/10/2007;744.124767;2;14.2;21.6;15.2;22.2;24.9
31/10/2007;739.861641;3;13.325;20.5;15.7;20.8;25.6
01/11/2007;616.993614;4;13.35;21.6;16.2;20.9;24.2
02/11/2007;669.244664;5;12.775;24.2;18.8;20.5;23.5
03/11/2007;636.819034;6;12.6;22.8;16.5;21;23.6
04/11/2007;588.650305;7;12.775;23;17.8;20.2;23.1
05/11/2007;734.355241;1;13.1;25.8;18.4;20.6;23.3
06/11/2007;758.015164;2;13.5;25;18.5;21;23.6
07/11/2007;757.849453;3;12.4;24.6;16.5;21.1;24.5
08/11/2007;759.739061;4;11.725;23.8;16.7;23.4;24.1
09/11/2007;754.042765;5;11.7;22.8;15;17.8;27.1
10/11/2007;671.053713;6;11.425;22.4;15.6;20;25.7
11/11/2007;608.455011;7;10.475;20.4;16.5;21.6;25.8
12/11/2007;758.971735;1;11.525;21.9;18.3;20;25.1
13/11/2007;780.84977;2;13.45;21;16.5;18.9;25.4
14/11/2007;787.22251;3;9.4;21.4;15.2;22.6;23.9
15/11/2007;799.040648;4;10.55;19.1;13.4;19.5;24.1
16/11/2007;810.433735;5;6.225;16;11;16;23.3
17/11/2007;726.373368;6;4.875;16;10;15.6;23.1
18/11/2007;662.923995;7;5.525;18.4;10.6;21.4;23.5
19/11/2007;810.825155;1;5.275;18;6.6;18;27
20/11/2007;826.956283;2;11.45;17.8;12;16.4;29.1
21/11/2007;806.199287;3;12.95;16.2;10.2;22.1;27.4
22/11/2007;808.855467;4;10.475;16;11;15;22.3
23/11/2007;806.426729;5;10.375;14.2;10.5;16.8;22.9
24/11/2007;726.639631;6;8.85;15;9.7;17.5;22
25/11/2007;665.094376;7;8.35;15.7;11.5;18.2;21.1
26/11/2007;811.021848;1;9.925;17.6;14.9;18;21.9
27/11/2007;827.626644;2;9.45;16.8;13.8;18.5;22
28/11/2007;833.366113;3;8.275;16.5;10.8;17.6;23.1
29/11/2007;835.559183;4;7.45;15;9.6;17.4;21.3
30/11/2007;827.693297;5;7.825;15.5;11;17.5;21.4
01/12/2007;738.621885;6;7.825;12;9.7;21.4;21.6
02/12/2007;673.716248;7;9.55;11.4;11.4;19.2;21.6
03/12/2007;809.489658;1;11.2;17.8;13.8;22.3;22
04/12/2007;815.234455;2;10.875;11.8;14.1;22.8;21.7
05/12/2007;813.409858;3;10.05;8.6;12.2;21.6;21.9
06/12/2007;694.398482;4;10.025;9;13;20.3;22.1
07/12/2007;740.264804;5;8.25;14.4;8.1;22.7;21.6
08/12/2007;677.963836;6;8.825;14.5;6.9;22;22.2
09/12/2007;648.982482;7;12.425;18;14.8;23.7;21.6
10/12/2007;803.366603;1;10.75;15.4;11.3;19.8;21
11/12/2007;835.777901;2;8.775;15;10.4;18.5;21.3
12/12/2007;855.521276;3;6.375;13.5;10.5;15.4;24.1
13/12/2007;864.638098;4;6;15.9;9.8;15.3;23.4
14/12/2007;870.463104;5;4.375;14.6;7.8;15.6;22.3
15/12/2007;776.64738;6;3.525;12.6;8.2;15;22
16/12/2007;727.29501;7;4.625;12;6.7;12.6;21.7
17/12/2007;890.73351;1;2.825;13;6.2;12;21.8
18/12/2007;906.381252;2;5.325;13;6.3;12;22.7
19/12/2007;889.726009;3;8.525;11.8;8.5;14.4;19.5
20/12/2007;872.672872;4;7.75;12.5;7.3;15.5;21.8
21/12/2007;826.526197;5;9.925;16;9.6;16.7;21.7
22/12/2007;729.743701;6;9.7;16;9.5;14.1;21.6
23/12/2007;668.238527;7;11.075;17;11.3;14.4;20.7
24/12/2007;659.892091;1;8.525;16.2;10.2;16;20.9
25/12/2007;581.183638;2;6.8;12.5;9;18.8;20.7
26/12/2007;702.247525;3;8.65;15;11.4;15.1;20.4
27/12/2007;750.398389;4;7.325;14.2;10;15.9;20.5
28/12/2007;756.097256;5;6.175;15.1;9.4;15.2;20.1
29/12/2007;714.863632;6;5.5;11;8.6;15.6;20.8
30/12/2007;663.344069;7;7.025;12;10.5;18.4;20.4
31/12/2007;680.564746;1;5.5;5.5;9.6;15.4;19.6
01/01/2008;610.996145;2;6.25;11.4;6;17.8;20
02/01/2008;802.988912;3;6.05;15.4;7;12;20.3
03/01/2008;840.541091;4;7.175;12.6;7.8;16.1;22
04/01/2008;820.588733;5;8.3;13;8.6;17.8;21.3
05/01/2008;733.258258;6;9.5;14.5;10.6;18.7;20.8
06/01/2008;643.381083;7;11.25;15.6;12.6;23.4;20.6
07/01/2008;738.491575;1;11.925;17.2;10.8;21.6;20.4
08/01/2008;830.854825;2;8.45;17;11.2;15.6;20.2
09/01/2008;833.573802;3;10.9;15;10.1;16.8;20.5
10/01/2008;827.78774;4;12.2;15.8;10.8;17.3;20.9
11/01/2008;831.095495;5;10.65;14;9.3;20;20.7
12/01/2008;740.621022;6;8.55;13.6;9.3;17.8;19.8
13/01/2008;690.346839;7;6.175;13;7.9;17.7;20.1
14/01/2008;838.850399;1;8.25;14.2;9.8;16.2;20.9
15/01/2008;859.448083;2;6.875;12.9;8.6;16.8;20.1
16/01/2008;849.132256;3;11.85;15.6;12;19.8;20.1
17/01/2008;838.950928;4;9.25;14.5;11.7;19.2;20.8
18/01/2008;820.418215;5;11.35;12;11.2;23.7;20.2
19/01/2008;720.553491;6;11.6;18.6;15.2;20;22.3
20/01/2008;655.631169;7;11.05;19.4;15;17.5;22.3
21/01/2008;805.352893;1;9.4;20;14.8;14.4;21
22/01/2008;819.281517;2;10.325;19;15.5;25.3;20.7
23/01/2008;816.425493;3;10.35;19;14.6;19.8;22
24/01/2008;825.404614;4;9.85;17.2;12.8;17.9;22.8
25/01/2008;820.436154;5;9.6;15.8;10.8;17.6;23.6
26/01/2008;729.94205;6;8.5;16.4;12.3;16.5;21.1
27/01/2008;665.500916;7;9.225;16.9;13.6;17.5;21.2
28/01/2008;810.38804;1;10.675;17.9;15.7;21.4;21.5
29/01/2008;830.442542;2;8.775;18;14.5;17.5;21.3
30/01/2008;842.928173;3;8.225;16.8;13.5;18;21.5
31/01/2008;843.244194;4;8.675;16.4;10.5;15.6;20.4
01/02/2008;846.22281;5;5.975;12.6;8.2;20.7;20.4
02/02/2008;746.706256;6;7.775;14;10;17.7;20.3
03/02/2008;685.422225;7;7.7;16;9.2;15.8;20.8
04/02/2008;811.786483;1;11.15;15.2;10.8;19.4;21.6
05/02/2008;821.309291;2;7.7;16;10.4;20.9;20.2
06/02/2008;820.216029;3;10.025;18.4;14.2;20;22.8
07/02/2008;815.581729;4;10.375;20;15.1;19;23.2
08/02/2008;806.226595;5;9.85;19.6;16.2;16.4;22.4
09/02/2008;714.544244;6;9.075;18.6;14.3;17;21.6
10/02/2008;652.193395;7;8.025;18.5;13.3;16.1;21.7
11/02/2008;806.059376;1;7.8;17.6;13;15;20.4
12/02/2008;827.637602;2;7.025;16.6;10.5;14.9;20.7
13/02/2008;837.870902;3;7.175;16.2;9.9;13.6;22.5
14/02/2008;835.658089;4;9.175;17.6;9.6;14.2;21.7
15/02/2008;817.489798;5;10.2;19;12;14.6;21.6
16/02/2008;721.670898;6;9.15;19.2;14.4;15.8;26.8
17/02/2008;669.54074;7;8.6;12.4;10.5;14.5;25
18/02/2008;818.392789;1;8.675;17;9;13.5;21.4
19/02/2008;828.638786;2;10.95;17.8;11.3;13.4;21.4
20/02/2008;810.69529;3;10.75;18;14.2;17.6;20
21/02/2008;795.508199;4;12.25;19.2;15.2;17;19.7
22/02/2008;784.899597;5;12.9;18.8;16.4;19.6;21.3
23/02/2008;694.432318;6;11.3;16;15.6;18.6;22.4
24/02/2008;644.277633;7;9.675;18.8;12;13.5;21.6
25/02/2008;772.279365;1;12.375;19.6;13.6;19.2;21.6
26/02/2008;780.989438;2;11.85;21.6;16.4;20;22.4
27/02/2008;776.841679;3;12.025;20;18.2;22.6;21.9
28/02/2008;764.979816;4;13;19.8;16.1;16;21.1
29/02/2008;758.119412;5;13.45;20.4;17.6;20.2;21.6
01/03/2008;673.566768;6;13.55;22.2;18.2;25.6;20.9
02/03/2008;606.74881;7;13.5;23.4;19.7;21.6;20.9
03/03/2008;749.823835;1;12.9;23.5;20.6;19.5;20.8
04/03/2008;787.71184;2;10.65;18.4;11.6;18.7;21.4
05/03/2008;812.343783;3;7.075;14.8;10.6;14.1;24
06/03/2008;826.78766;4;7.325;16.4;13.4;14.8;24.4
07/03/2008;819.951089;5;9.05;22;17.7;16.6;21.9
08/03/2008;714.326166;6;9.75;18.8;16;18.9;21.4
09/03/2008;639.786175;7;10.225;17.6;15.4;23.4;21.2
10/03/2008;812.68395;1;9.65;16.6;10.9;18.2;21.5
11/03/2008;793.169424;2;14.95;20.8;19.2;26;21.3
12/03/2008;776.732184;3;13.95;21.6;19.5;25.6;20.2
13/03/2008;769.697227;4;12.875;25;20.4;22.2;22
14/03/2008;758.975795;5;12.875;25.8;22;18.2;22.8
15/03/2008;676.979832;6;13.525;20.2;18.2;25.3;21.7
16/03/2008;606.364693;7;12.6;19.6;18;25.5;23.6
17/03/2008;717.394696;1;12.4;19.5;17.9;20.1;22.5
18/03/2008;732.727068;2;11.525;18.4;14.2;23.4;21.6
19/03/2008;691.937581;3;9.775;14.4;16.2;19.6;22.9
20/03/2008;640.509578;4;8.825;18;14.2;13.1;21.9
21/03/2008;591.752636;5;10.225;20;18;23.3;22.5
22/03/2008;632.484649;6;12.975;17.6;14.2;21.3;21.7
23/03/2008;609.635236;7;7.15;15.1;9.1;16.1;18.2
24/03/2008;686.014803;1;10.675;18.6;14;22.6;18.5
25/03/2008;768.491952;2;11.975;19.2;18.2;25.2;20.6
26/03/2008;794.450684;3;11.9;18;12.9;21.5;21.1
27/03/2008;803.246448;4;12.375;20.2;14;22.3;21.8
28/03/2008;772.445928;5;12.75;20.9;18.9;25.7;21.2
29/03/2008;680.673281;6;14.1;24.4;21.5;18.6;22.9
30/03/2008;589.469385;7;13.55;18.5;15;23.5;22
31/03/2008;743.447516;1;11.725;19.8;16.2;21.6;23.2
01/04/2008;772.119536;2;13.225;24.2;19;21.5;22
02/04/2008;764.32685;3;14.65;26;23;23.9;26.7
03/04/2008;749.791089;4;16.075;29.4;25.9;22;29.8
04/04/2008;743.2273;5;14.175;30.5;25.6;18.8;25.3
05/04/2008;651.53351;6;14.175;27.4;23;20.2;22.6
06/04/2008;589.956063;7;14.775;27.6;25;25;23.9
07/04/2008;743.517872;1;13.775;20.4;18.4;15.5;27.5
08/04/2008;767.54148;2;13.35;16.8;14.8;24.3;26.6
09/04/2008;765.607785;3;15.575;21.5;17.5;24.2;28.8
10/04/2008;759.673854;4;15.85;17.5;15.8;26.6;22.2
11/04/2008;759.351371;5;12.775;18;11.5;19.6;21.2
12/04/2008;659.197968;6;10.65;19;15.2;19;21.5
13/04/2008;599.6758;7;11.375;19;15.6;23.6;20.1
14/04/2008;735.092844;1;11.85;20.6;17.1;20.1;23.3
15/04/2008;752.915857;2;12.075;24.6;18.8;18.4;23.2
16/04/2008;749.841573;3;13.875;24.5;21;17.5;23.8
17/04/2008;759.820506;4;13.275;18.6;13.7;22.6;23.5
18/04/2008;758.503426;5;12.5;17.4;14.2;22.5;23.5
19/04/2008;671.021617;6;12.6;17.6;12.6;20.7;22.6
20/04/2008;607.960618;7;13.125;15.2;14;20.8;22.6
21/04/2008;745.205656;1;14.225;19.5;16.5;24;21.7
22/04/2008;751.498834;2;14.5;20.4;19;25.6;21.8
23/04/2008;725.276116;3;14.925;24.2;21;25.8;22.6
24/04/2008;731.647188;4;16.125;28;23.8;27.2;23.7
25/04/2008;727.367921;5;17.425;31.4;26;23.4;33.7
26/04/2008;637.778459;6;17.775;30.8;27.2;23.9;31.4
27/04/2008;570.389832;7;17.75;30;26.8;20.6;33
28/04/2008;708.808527;1;17.225;22.5;20.5;21.8;30.7
29/04/2008;721.872903;2;13.9;20.6;20.1;20.3;28.8
30/04/2008;717.195942;3;15.925;21.4;18;24.5;22.2
01/05/2008;558.707661;4;14.5;23.2;21;20.5;21.2
02/05/2008;606.102611;5;16.225;28.6;24.2;21.5;22.6
03/05/2008;604.751521;6;18.075;29.4;26.2;23.2;26.6
04/05/2008;563.614794;7;18.525;28;25.7;24;23.5
05/05/2008;708.498019;1;19.625;28.5;26.8;24.8;24
06/05/2008;735.783436;2;19.875;30.8;27.2;22.2;24.5
07/05/2008;736.299346;3;18.725;29.4;23.7;21.5;24.7
08/05/2008;733.749248;4;15.85;25.4;15.7;18;24.3
09/05/2008;726.00611;5;15.075;21.5;17.8;19;23
10/05/2008;634.153668;6;13.05;20;12.2;19.6;22.6
11/05/2008;564.444716;7;15.675;22.6;19.7;17.4;22.8
12/05/2008;683.604664;1;15.725;24;20;22.2;22.6
13/05/2008;717.985678;2;16.225;22.4;19.5;22.2;24.1
14/05/2008;726.067165;3;16.275;20.8;17.6;21.6;23.5
15/05/2008;705.443183;4;17.45;21.5;18.5;23.8;23.3
16/05/2008;716.316181;5;17.425;21.8;19.2;23.8;24.5
17/05/2008;622.948249;6;16.575;24.8;19.4;21.5;24.3
18/05/2008;564.647159;7;16.025;20.6;19.5;21.5;23.1
19/05/2008;703.202162;1;14.875;23.5;18;20;23.8
20/05/2008;715.321294;2;16.85;23.6;22.2;26.6;24
21/05/2008;723.943971;3;17.075;23;21.2;29.3;23.8
22/05/2008;720.046068;4;18.1;24;22.8;28.1;23.8
23/05/2008;726.868217;5;17.1;18.4;17.8;24.4;25.7
24/05/2008;627.096698;6;16.875;19;16.8;26;25.3
25/05/2008;573.017333;7;15.125;18.6;14.3;18.6;26.7
26/05/2008;705.324115;1;15.975;20.3;17.5;22.5;25.1
27/05/2008;727.814079;2;15.575;18.6;19;20.2;24.9
28/05/2008;725.042281;3;15.35;21.6;17.3;22.6;24.1
29/05/2008;726.085744;4;17.35;23;18.6;28.2;23.5
30/05/2008;717.619855;5;17.7;22.4;19.4;27.2;24.8
31/05/2008;628.916107;6;17.475;23;19.7;21.8;24
01/06/2008;566.339265;7;16.425;24.4;20;25.7;23.7
02/06/2008;703.332258;1;18.125;24.5;21;23.6;24.1
03/06/2008;723.409371;2;18.325;27;22.9;23.7;25.7
04/06/2008;727.143753;3;18.775;29.2;25;24.4;24.5
05/06/2008;732.821971;4;19.325;27;22;24.4;24.1
06/06/2008;723.221115;5;17.975;29.4;23.8;23.2;24.7
07/06/2008;631.285031;6;18.05;31;24;22.4;25.5
08/06/2008;571.677368;7;17.1;28.4;18.6;20.5;25.3
09/06/2008;690.726017;1;16.8;24.6;16.5;18.3;24.7
10/06/2008;705.20412;2;17.8;28.4;19.9;22.1;24.2
11/06/2008;696.047035;3;18.1;30;21.4;23.4;24.4
12/06/2008;690.257158;4;20.275;31.4;25.2;27.1;24.2
13/06/2008;693.707569;5;19.8;34.4;26.3;26;23.9
14/06/2008;610.818483;6;20.525;34.2;28.7;24.5;24.9
15/06/2008;555.635944;7;20;29.6;25.5;25.4;25.7
16/06/2008;700.253843;1;20.45;23.6;23.4;31.4;28
17/06/2008;721.570076;2;20.25;29.4;23.7;26;26
18/06/2008;740.84153;3;20.85;33;28.8;25.8;24.3
19/06/2008;755.088911;4;22.675;34;31.2;28;24.2
20/06/2008;761.909663;5;23.725;36;32.7;27.5;23.7
21/06/2008;675.534677;6;25.45;37.4;34;30.4;23.8
22/06/2008;606.277535;7;26.2;36.6;34.5;30.1;25.6
23/06/2008;736.850699;1;25.25;32.8;29.5;27.5;26.4
24/06/2008;729.139208;2;24.425;32.8;28.2;28.8;25.5
25/06/2008;796.774299;3;25.05;37.6;32.4;28.2;24.3
26/06/2008;815.652488;4;26.925;37.6;34.4;30.3;24.8
27/06/2008;811.149661;5;26.2;39.6;33.5;28.8;27
28/06/2008;715.46953;6;25.85;39.8;34.2;30;28.1
29/06/2008;647.57243;7;27.125;38.4;35;29.7;28.3
30/06/2008;804.301381;1;27;38.6;34.6;29;27.3
01/07/2008;818.597595;2;26.3;36;34;31;28.7
02/07/2008;813.052477;3;24.4;29;28.6;29.8;28
03/07/2008;787.535124;4;23.325;29.2;27;30.2;26.5
04/07/2008;784.743995;5;22.625;34;31.4;28.7;25.6
05/07/2008;697.449416;6;25.2;32.6;32.5;29.6;26
06/07/2008;620.983923;7;25.55;29;29;29.8;26.9
07/07/2008;749.064749;1;22.675;30.1;27.6;27.8;26.1
08/07/2008;775.649872;2;22.675;33.4;31;28.1;25.7
09/07/2008;795.469535;3;25.025;35.9;33;28.6;26.2
10/07/2008;804.391123;4;25;35;33.2;29.3;26
11/07/2008;798.070479;5;24.925;31;31.5;31.5;26.5
12/07/2008;677.846702;6;23.525;29.8;26.4;29.1;27.2
13/07/2008;581.203718;7;21.075;33;27;26.5;25.7
14/07/2008;735.655152;1;22.525;35.6;29.4;26;25.5
15/07/2008;765.072063;2;24.05;36.4;31;27.3;25.9
16/07/2008;763.649138;3;23.575;34.8;29.3;25.8;27.8
17/07/2008;770.400219;4;25.075;36.8;30.8;27;28.5
18/07/2008;781.088144;5;26.05;39;34;28.6;27.3
19/07/2008;693.725648;6;27.275;38.6;37.2;29.2;25.5
20/07/2008;620.731144;7;27.075;35.2;34.6;29.6;26.3
21/07/2008;777.406551;1;27.025;38;35;28.2;25.9
22/07/2008;791.242173;2;25;39.4;34.3;28.3;27
23/07/2008;804.910958;3;26.4;36;37;29.2;25.9
24/07/2008;794.51959;4;26.45;32.2;31.6;29;25.9
25/07/2008;734.527273;5;24.85;30.6;31.5;29.6;25.5
26/07/2008;682.263506;6;26.4;33.8;31.5;30.2;25.6
27/07/2008;619.734873;7;25.975;34.3;34;30;26.3
28/07/2008;776.066962;1;26.15;32.4;31.5;30.2;27.2
29/07/2008;786.583156;2;25.9;33.6;33.6;29.9;26.3
30/07/2008;788.664402;3;25.8;34.6;33.6;30;26
31/07/2008;783.204917;4;25.7;32.7;34;31;27.1
01/08/2008;779.364008;5;26.25;33.4;32.3;30.1;28.3
02/08/2008;684.072254;6;26.95;38;34.8;30.1;27.2
03/08/2008;632.716714;7;28.2;39.5;36.6;30.9;26.4
04/08/2008;774.345579;1;28.55;40.4;38;31.5;25.3
05/08/2008;792.930161;2;29.1;39.2;37.4;31;25.1
06/08/2008;786.390866;3;28.15;36.4;36.6;31.2;27.5
07/08/2008;768.743116;4;27.275;32.6;32.8;30.6;28.1
08/08/2008;746.562122;5;26.1;34.8;32;29;27.2
09/08/2008;668.737715;6;25.6;38.5;33;30.5;25.8
10/08/2008;612.337891;7;27.125;37.4;35.5;29.7;25.3
11/08/2008;728.898889;1;27;32.2;32;34;26
12/08/2008;736.643568;2;26.65;30;29.2;38.5;27.2
13/08/2008;716.310311;3;24.375;32.6;29.6;29.1;26.9
14/08/2008;705.227172;4;23.375;31.7;27;29;25.8
15/08/2008;589.069822;5;22.725;33;26.4;31.2;25.8
16/08/2008;600.100293;6;22.475;30.4;29.2;29.2;30.1
17/08/2008;565.234331;7;23;31.6;29;29.3;27.1
18/08/2008;690.008773;1;24.325;34.4;32.2;29.4;26.3
19/08/2008;707.738845;2;24.425;32.6;31.6;29.2;26.7
20/08/2008;711.703112;3;24.525;33.2;31;29.2;25.8
21/08/2008;722.063923;4;24.975;34.5;33.3;29.6;30.2
22/08/2008;726.765028;5;26.3;33.5;31.8;29.4;30.3
23/08/2008;637.86459;6;23.7;35;30.8;25.8;26.9
24/08/2008;582.18475;7;24.775;35.7;32;29.7;25.9
25/08/2008;717.523479;1;24.45;35.5;35;30.2;28.6
26/08/2008;747.458663;2;25.725;36.7;32.8;29.4;26.3
27/08/2008;761.028063;3;26.125;36.5;32.1;29.4;26.3
28/08/2008;760.607319;4;25.675;36.7;33.3;29.2;26.1
29/08/2008;754.611234;5;26.3;33.6;33.5;29.5;25.5
30/08/2008;656.962853;6;24.725;29;28.6;29;26.6
31/08/2008;595.66393;7;23.9;31;28.7;30.2;27.5
01/09/2008;751.096589;1;24.225;33.6;30.6;29.3;23.3
02/09/2008;784.704484;2;24.45;30.7;30.4;30.2;25.8
03/09/2008;784.721254;3;24.7;29.6;28;36;26.5
04/09/2008;784.067472;4;24.175;30.8;26.1;36;25.2
05/09/2008;771.11298;5;22.575;28.4;22.6;32;25.3
06/09/2008;654.042176;6;23.35;28.4;23.6;31.4;25.7
07/09/2008;581.919712;7;20.1;30.6;25.4;27.1;26.1
08/09/2008;712.761693;1;22.55;31.8;29.9;27;26.5
09/09/2008;757.186336;2;24.075;32.4;28.9;29;25.8
10/09/2008;773.641685;3;24.025;34.2;28.9;30;27.2
11/09/2008;739.646454;4;23.9;29.4;27.7;34.5;27.1
12/09/2008;714.354534;5;19.7;27;21.6;28.5;26.2
13/09/2008;625.713885;6;19.025;29.8;22.6;25.2;26.2
14/09/2008;566.151662;7;19.275;31.7;24;25.8;25.4
15/09/2008;712.9555;1;20.15;34.2;27.8;26.8;26
16/09/2008;736.301737;2;21.45;30.2;29.7;27.4;25.2
17/09/2008;743.964911;3;21.8;28.4;28.2;26.8;23.9
18/09/2008;745.595525;4;22.85;29.2;26.6;26.5;25.1
19/09/2008;744.978101;5;22.675;31.6;27.2;28.2;24.4
20/09/2008;648.434769;6;21.725;33.6;28;27.8;24.7
21/09/2008;580.198988;7;20.9;28.2;23.8;28.3;25.2
22/09/2008;717.81229;1;18.875;26;20.4;30.1;25
23/09/2008;726.592936;2;20.025;27.6;23.4;23.5;24.8
24/09/2008;714.296222;3;17.75;27.6;21.9;19.2;25.6
25/09/2008;716.206799;4;18.125;29;21.8;23.4;31
26/09/2008;706.497425;5;17.65;28.4;21.7;23.4;30
27/09/2008;610.897248;6;18.275;25.2;22;20.6;26.6
28/09/2008;554.53528;7;17.075;19.3;18.7;22.8;25.7
29/09/2008;686.948952;1;17.925;27.4;22.6;25.2;26.2
30/09/2008;706.371708;2;18.1;29.4;23;25.4;26.6
01/10/2008;712.179422;3;17.725;28;23.4;24.6;25.5
02/10/2008;712.364616;4;18.3;27;24.8;25;25.7
03/10/2008;699.54136;5;16.55;24.2;17.6;24.6;25.4
04/10/2008;611.30348;6;12.8;24.8;16.5;21.5;24.8
05/10/2008;555.715812;7;14.8;26.9;21.6;23.8;23.7
06/10/2008;689.503507;1;16.3;28;23.2;25.1;24.7
07/10/2008;714.343746;2;16.975;22.5;17.8;30.5;24.7
08/10/2008;714.626782;3;16.625;23.4;18;25;26.5
09/10/2008;695.354801;4;15.7;24.4;18.3;20.2;24.8
10/10/2008;695.595088;5;19.575;27.8;22.8;21.6;24.7
11/10/2008;611.237134;6;19.2;22;20.7;22;25.6
12/10/2008;555.097036;7;19.05;20.2;21.8;23;25
13/10/2008;651.516078;1;20.325;24.2;20.8;26.2;24.4
14/10/2008;706.921597;2;20.05;25.8;21.4;24.8;25
15/10/2008;712.423543;3;19.175;28.1;22.8;25.3;25.1
16/10/2008;714.123682;4;18.8;26.8;22.8;26;25.2
17/10/2008;710.843389;5;19.2;23.4;22.7;25.4;25.1
18/10/2008;616.380073;6;16.75;25.1;17.9;23.2;26.4
19/10/2008;550.834121;7;18.1;25.4;19.5;23.6;25.3
20/10/2008;691.367339;1;19.45;26.8;20.8;24.2;24.5
21/10/2008;716.793144;2;18.825;25;19;25;24.8
22/10/2008;721.466706;3;14.525;16.2;14.3;19.5;26.2
23/10/2008;712.443762;4;13.675;23.8;14.8;17.2;24.4
24/10/2008;704.212722;5;14.7;24;17;16.8;23.4
25/10/2008;607.436307;6;16.975;25.6;20;21.2;24.6
26/10/2008;572.471403;7;16.15;26.5;20.7;23.2;24.2
27/10/2008;689.3956;1;16.1;26.5;20;25.6;24.7
28/10/2008;734.716286;2;13.25;15.2;13.1;18.4;25.3
29/10/2008;739.511097;3;8;17.2;10.5;16.2;22.2
30/10/2008;758.826194;4;9.025;15.8;10.4;17.5;22
31/10/2008;752.360916;5;11.625;13.8;10;18.5;24.7
01/11/2008;625.380423;6;13.2;16;11;18.6;21.4
02/11/2008;602.47798;7;13.15;17.5;11.7;18.2;21
03/11/2008;741.441834;1;9.25;16.6;10.8;19.1;21.1
04/11/2008;766.663669;2;10.55;15.4;10;19;21.5
05/11/2008;764.282531;3;11.775;18.8;12.7;20.8;22.3
06/11/2008;760.342313;4;11.175;17.4;14;23;22.5
07/11/2008;754.497599;5;10.15;16;11.8;21.2;22.2
08/11/2008;658.262256;6;13;17.8;14.1;20.3;21.5
09/11/2008;598.17448;7;11.525;18.6;13.1;21;24.1
10/11/2008;736.337299;1;11.975;20.4;14.6;20;24.3
11/11/2008;762.277433;2;11.925;19.2;12.6;19.4;24.1
12/11/2008;765.252959;3;11.275;17.4;12.6;20.8;22.3
13/11/2008;764.086643;4;10.425;18.2;12.5;19.8;22
14/11/2008;763.226299;5;10.05;17.4;13.8;19.5;21.8
15/11/2008;667.360771;6;10.3;18.4;14.6;19.7;22.8
16/11/2008;612.870237;7;10.225;19.6;15.4;20.3;23.8
17/11/2008;751.816164;1;11.275;21;16.5;21.8;23.2
18/11/2008;784.150927;2;7.575;16.9;10.3;18.2;22.6
19/11/2008;778.156056;3;10.85;19.2;14.4;17.9;22
20/11/2008;780.017871;4;9.775;18.5;12.3;17.5;21.6
21/11/2008;767.285645;5;9.9;19.2;13.7;20.3;21.4
22/11/2008;670.17474;6;14.1;21.6;15.8;24.5;21.9
23/11/2008;608.4336;7;11.725;21;14.1;20.5;22.6
24/11/2008;763.557834;1;11.125;15.6;12;20.6;22.1
25/11/2008;800.177298;2;6.7;16.2;8.3;16;20.8
26/11/2008;828.30199;3;5.175;12.2;7.4;13.5;19.4
27/11/2008;836.960628;4;4.525;15.4;7.7;13.5;19.2
28/11/2008;829.567901;5;3.85;13.7;5.8;15;19.8
29/11/2008;733.86773;6;7.95;10.9;6.5;14.8;19
30/11/2008;677.114234;7;7.175;11.3;6.4;12.3;21.7
01/12/2008;828.57361;1;6.625;9.5;5.2;13;19.9
02/12/2008;847.076797;2;6.65;12.4;7.8;15.3;20.1
03/12/2008;856.850847;3;5.8;11.6;5.2;14.1;19.5
04/12/2008;842.461408;4;6.3;13.6;9;15.8;19.8
05/12/2008;799.01281;5;12.875;17;15;21.8;20.9
06/12/2008;678.761397;6;8.325;16.3;10.4;17.4;21.5
07/12/2008;636.041011;7;10.925;16.6;11;19;20.4
08/12/2008;648.007299;1;10.65;15.3;10.8;16.1;20.7
09/12/2008;797.207572;2;9.775;14;9;13.5;20.7
10/12/2008;815.67081;3;6.6;13.4;8.8;14.8;18.4
11/12/2008;829.362535;4;5.1;14.2;7.5;15.6;19.8
12/12/2008;821.749429;5;6.2;10.2;7.6;17;20.5
13/12/2008;746.131425;6;4.975;13;4.3;12.5;19.7
14/12/2008;693.354943;7;6.375;10.9;5.4;13.6;21.7
15/12/2008;839.677101;1;4.45;12;6.7;14.6;19.7
16/12/2008;850.058887;2;6.45;14.2;11;15.1;19.4
17/12/2008;837.705292;3;7.775;13.9;10.8;16.8;19.3
18/12/2008;820.843863;4;7.525;5.4;10.7;18.5;19.4
19/12/2008;793.329992;5;7.775;11.8;12;18.5;19
20/12/2008;698.916232;6;8.125;16.8;13.4;19;19.6
21/12/2008;648.765079;7;8.65;18.2;15.4;17.6;18.5
22/12/2008;754.435705;1;8.6;18.6;15.8;17.4;18.9
23/12/2008;756.720788;2;7.075;15.4;14.8;15.6;19.5
24/12/2008;676.302639;3;6.9;12.9;13.5;14.6;17.4
25/12/2008;575.468793;4;6.25;14;11;14.4;22.4
26/12/2008;675.574321;5;3.675;11.8;7.1;11.4;21.7
27/12/2008;680.257865;6;7.2;10;8.1;13.4;23.8
28/12/2008;638.322658;7;7.825;13.5;8.7;12;21.1
29/12/2008;726.123371;1;7.05;15.9;9.7;12.6;19.5
30/12/2008;703.656123;2;10.15;17.8;11.7;16.1;18.9
31/12/2008;652.220238;3;9.95;13.2;10.4;14.4;20.7
01/01/2009;554.814038;4;9.5;16.8;10.2;15.7;19.7
02/01/2009;653.539141;5;9.925;15.2;11.8;19.4;20.8
03/01/2009;648.164273;6;7.65;13.6;9.4;12.6;19.8
04/01/2009;617.087498;7;7.575;16.2;8.8;11.5;20.4
05/01/2009;688.757557;1;4.075;10;5.7;16.1;20.5
06/01/2009;631.021233;2;4.05;11.6;6.8;13;19.5
07/01/2009;815.769146;3;1.9;8.2;3.6;11;19
08/01/2009;872.762689;4;0.05;8.2;2;7.5;20.3
09/01/2009;869.083935;5;2.5;8.6;1;9.5;21
10/01/2009;768.07264;6;3.7;8.4;1.4;12.8;18.8
11/01/2009;706.16801;7;3.65;12.8;5.6;13.4;18.8
12/01/2009;851.663266;1;3.55;14.4;6.1;16.2;18
13/01/2009;883.005486;2;3.2;11.8;3.2;15.6;19.1
14/01/2009;866.916962;3;4.725;5.4;2.2;16.7;19.8
15/01/2009;866.88973;4;5.375;10.4;5.3;15.5;19.4
16/01/2009;850.995027;5;5.775;14.5;8.2;14.1;18.6
17/01/2009;732.979375;6;7;14.8;9.8;17;20
18/01/2009;670.187111;7;5.55;15.2;8.5;19.4;20
19/01/2009;810.179759;1;9.3;14.6;11;19.7;20.5
20/01/2009;820.985144;2;7.975;10.2;7.4;16.4;19.3
21/01/2009;842.099377;3;5.05;11.8;6.8;15.4;18.6
22/01/2009;856.89194;4;7.025;15.1;11.8;17.3;19.7
23/01/2009;797.720381;5;12.45;16.5;13.8;22.2;19.6
24/01/2009;660.284245;6;12.25;15.4;10.7;18.4;20.7
25/01/2009;640.859295;7;8.65;12.4;8;16.6;21.9
26/01/2009;802.702413;1;7.575;14.4;8.7;15.4;18.9
27/01/2009;822.63712;2;9.5;12.4;11;17.6;19.1
28/01/2009;807.857024;3;10.125;15.3;13.6;21.2;19
29/01/2009;787.464195;4;11.9;16.5;15.8;22.6;19.1
30/01/2009;764.050406;5;11.95;16;13;16.8;19.1
31/01/2009;688.796485;6;10.25;13.4;10.6;13.5;18.5
01/02/2009;660.453313;7;6.8;13.2;4;11.6;22.1
02/02/2009;794.489851;1;7.1;13.6;5.9;11.8;22.3
03/02/2009;815.325377;2;7.45;12.5;5.6;16.7;19.5
04/02/2009;804.493705;3;8.65;12;10.2;19.2;21.3
05/02/2009;806.409703;4;8.075;14;7.7;17.4;22.2
06/02/2009;800.687268;5;7.5;11.4;5.9;15.4;19
07/02/2009;712.470936;6;6.25;13.6;7.1;14.6;20.3
08/02/2009;658.449151;7;6.975;13.2;9.8;17.5;20.3
09/02/2009;779.362996;1;10.175;15.6;11;19.4;18.9
10/02/2009;781.915455;2;12.825;15.7;12.3;21.4;19.5
11/02/2009;784.606278;3;8.025;16.4;12.5;21.2;20.9
12/02/2009;774.078552;4;7.875;18.2;13.8;20.5;19.2
13/02/2009;763.759651;5;7.475;18.6;14.6;15.2;19.4
14/02/2009;679.36073;6;8.3;18.6;15.5;16.5;20.3
15/02/2009;630.699552;7;7.85;18.5;12.6;10;21.1
16/02/2009;766.615682;1;7.575;17.5;11.4;14.9;20.7
17/02/2009;782.633896;2;8;18.2;13.3;16.5;20.2
18/02/2009;777.211496;3;9.5;20.2;17.2;17.4;19.8
19/02/2009;768.569764;4;8.95;14.8;15.5;15.8;18.9
20/02/2009;764.842233;5;8.025;18.8;12;16;18.6
21/02/2009;672.743971;6;8.675;19;15.2;17.9;19.1
22/02/2009;611.906441;7;9.725;19.8;15;20.2;20.3
23/02/2009;733.000901;1;10.725;20.4;17.5;15.7;20.9
24/02/2009;741.617976;2;10.3;21.6;17.5;16.3;19.8
25/02/2009;743.218477;3;10;22.2;16.4;16.6;16.7
26/02/2009;740.039674;4;10.5;19.4;16.3;17.9;20.8
27/02/2009;728.529545;5;10.575;21;18.2;17.2;19.2
28/02/2009;657.493299;6;10.75;16.6;12.8;10.7;20.3
01/03/2009;607.318328;7;10.025;16.4;11.8;19.7;19.8
02/03/2009;748.091818;1;9.55;15;11.7;15.3;20
03/03/2009;777.060029;2;9.55;14.6;9.6;12;18.4
04/03/2009;782.621224;3;9.675;15;12;16.8;20.2
05/03/2009;777.450348;4;7.675;16;10.3;17.4;20.1
06/03/2009;767.311153;5;9.65;20;14.7;16.8;19.8
07/03/2009;651.09663;6;10.05;23;18.1;24;18.9
08/03/2009;582.402419;7;11.375;23.9;20;21;21
09/03/2009;716.40522;1;12.3;23.8;19;18.8;20.3
10/03/2009;727.901535;2;12.175;24.8;19;18.2;25.2
11/03/2009;725.662717;3;12.1;24.8;21.8;21.6;26.8
12/03/2009;716.913014;4;12.275;27.1;20.8;18.1;24.2
13/03/2009;700.217895;5;12.675;26.1;22.2;21.4;25.1
14/03/2009;609.586278;6;14.075;27.2;22.9;21.5;24.5
15/03/2009;550.149111;7;15.15;27.8;22.4;18.7;27.9
16/03/2009;668.891549;1;14.475;27.9;23.2;19;25.5
17/03/2009;684.7182;2;12.075;24.7;18.9;18.6;23.3
18/03/2009;679.165806;3;11.7;23.6;20;19;23.5
19/03/2009;604.80184;4;11.85;24.8;21.8;17.7;22.4
20/03/2009;632.452468;5;13.425;27.8;23.5;19.2;22.4
21/03/2009;591.267859;6;11.4;26.1;20.4;16.8;22.6
22/03/2009;545.070737;7;11.4;21.8;18.5;17.8;21.3
23/03/2009;667.331027;1;12.3;24.3;20.6;20.5;21.1
24/03/2009;696.464574;2;12.75;24;21.2;23.5;21.8
25/03/2009;685.872101;3;11.25;26;19.7;18.6;20.3
26/03/2009;678.51027;4;11.975;28.2;22.9;19.4;20.9
27/03/2009;672.331771;5;12.675;26.8;23.8;18.7;20.4
28/03/2009;610.774039;6;12.975;21;18;17.8;21.8
29/03/2009;542.042598;7;9.175;16.8;11.6;14.2;18.2
30/03/2009;704.539308;1;10.15;17.9;10.6;11;20.2
31/03/2009;724.180657;2;9.325;20;12.7;16.2;19.7
01/04/2009;723.603322;3;9.95;20.2;16.6;17;20.9
02/04/2009;718.480147;4;10.4;23;17.9;17.4;21.3
03/04/2009;701.00231;5;12.55;23.8;21.4;18.6;21.2
04/04/2009;607.113451;6;13.675;26.2;22.2;19;20.9
05/04/2009;546.294415;7;14.075;26;23.3;19.5;20.7
06/04/2009;655.147814;1;13.8;22.8;22.1;18.5;21.8
07/04/2009;674.592922;2;12.05;20.2;16;17;21.3
08/04/2009;660.945606;3;11.05;22.8;18.8;18.8;21.2
09/04/2009;554.687266;4;12.825;23.3;21.2;19;21.8
10/04/2009;529.24511;5;12.5;23.8;14;15.9;21.5
11/04/2009;559.441438;6;9.875;19.5;13.4;13.6;21.9
12/04/2009;530.600467;7;7.925;21.2;15.5;20.8;21.7
13/04/2009;592.759081;1;12.65;22.6;19.4;21;21.7
14/04/2009;679.990155;2;12.025;16;12.8;23.6;21.7
15/04/2009;697.275634;3;11.925;14.8;12.8;20.4;22.8
16/04/2009;699.765525;4;12.075;17;13.2;21.5;22
17/04/2009;695.440822;5;10.55;17;12.9;22;22.3
18/04/2009;613.584092;6;11.925;14.4;16.4;19;22.7
19/04/2009;551.563061;7;12.525;21.8;17.8;17.6;21.4
20/04/2009;661.394685;1;13.5;23.1;18.8;21.2;22.4
21/04/2009;683.797573;2;14.475;26.2;22;22.6;22.3
22/04/2009;675.235358;3;15.975;27.4;22.7;25;21.6
23/04/2009;655.016916;4;16.65;29.4;25.4;27.1;22.2
24/04/2009;655.758774;5;16.35;27.8;26;23.6;22.9
25/04/2009;582.618595;6;14.825;19.2;19.1;19.4;22.3
26/04/2009;539.618035;7;13.55;21;14;23.4;20.9
27/04/2009;658.537247;1;12.35;22;19.7;24.8;20.6
28/04/2009;676.522307;2;16.575;22.5;18.7;24.8;21.9
29/04/2009;675.944958;3;14.1;21;21.4;23.6;21.6
30/04/2009;673.240583;4;13.8;18.2;17.5;25.4;22
01/05/2009;530.373493;5;14.925;25;19.5;20;21.9
02/05/2009;538.207454;6;16.125;28.1;23.6;24;21.4
03/05/2009;514.575113;7;16.725;30.8;26;24.4;22.9
04/05/2009;645.306603;1;18.25;31.8;26.3;24;22.8
05/05/2009;671.483091;2;17.25;32.5;27.2;21.1;22.6
06/05/2009;679.046906;3;18.975;33.2;29.4;26.2;22.4
07/05/2009;683.099949;4;19.425;32.6;29.8;28.5;23.5
08/05/2009;675.921025;5;19.825;30.6;28;21.4;24.1
09/05/2009;593.372611;6;19.1;25.4;26.1;21;24.4
10/05/2009;529.604579;7;18.7;25;22;22;22.5
11/05/2009;654.639139;1;17.625;24;23.3;22.5;22.5
12/05/2009;677.005161;2;18.125;23.9;23.2;24;23.8
13/05/2009;679.285172;3;18.275;22.6;23;22.1;22.6
14/05/2009;677.140825;4;16.9;25;19.9;26;24
15/05/2009;646.95952;5;15.625;25.4;22.4;23.9;22.2
16/05/2009;582.244404;6;16.825;26.8;26.4;24.5;22.3
17/05/2009;531.701842;7;18.725;25;23.5;23.8;23.2
18/05/2009;653.472363;1;17.3;26.8;25.7;22.5;23.1
19/05/2009;679.653095;2;18.55;29;28.6;23;22.1
20/05/2009;690.068661;3;21.75;33.6;32.3;23.8;21.8
21/05/2009;681.332101;4;22.45;31;30;24;22
22/05/2009;685.357789;5;21.9;29.4;30.3;23.5;23.2
23/05/2009;597.194013;6;18.45;25;16.8;25.6;23.3
24/05/2009;534.808561;7;19.95;22.2;23;23.8;23.2
25/05/2009;659.447536;1;19.45;23.2;22.4;24.7;23.1
26/05/2009;680.87571;2;18.6;33.9;24.2;27.2;22.4
27/05/2009;676.859311;3;19.025;32;25.6;23.2;23.3
28/05/2009;679.629847;4;20.8;33.8;29.2;27.6;24.4
29/05/2009;679.064185;5;20.75;34.7;29.9;26.2;25.4
30/05/2009;597.850558;6;21.775;36.8;30.8;26.8;24.9
31/05/2009;536.942462;7;21.575;37.8;31.2;27;22.7
01/06/2009;656.614102;1;21.975;37.6;32.5;25.6;22.7
02/06/2009;701.123329;2;22.7;36.3;32.1;25.9;22.3
03/06/2009;712.400927;3;22.35;31.2;31.5;25.5;23.7
04/06/2009;711.72898;4;21.925;27;27.5;25.7;24.1
05/06/2009;693.530824;5;21.15;21.8;22.4;30.5;24
06/06/2009;586.294558;6;19.1;22;20.2;28.4;23.6
07/06/2009;522.797122;7;18.725;25.5;22.1;28.8;23.5
08/06/2009;660.441281;1;18.975;21.6;18.2;28.4;23.9
09/06/2009;673.575885;2;19.45;26.2;21.6;29.2;24.2
10/06/2009;697.67349;3;21.375;30.6;28.3;32.8;26
11/06/2009;693.25057;4;22.8;35;32;30;28.6
12/06/2009;713.943482;5;24.45;40.1;36.2;26;24.5
13/06/2009;639.459471;6;25.775;37;38.4;28;24.8
14/06/2009;586.069037;7;26.25;35.7;31.9;30.3;26
15/06/2009;734.718733;1;25.675;35.2;32.4;29.2;24.8
16/06/2009;745.468105;2;25.45;30.4;27.3;27.5;23.5
17/06/2009;751.308765;3;25.275;36.5;32;27.4;25.7
18/06/2009;768.109324;4;26.125;38;36.2;28;27.1
19/06/2009;765.544496;5;27.425;40;36.2;29.7;25
20/06/2009;662.726337;6;25.35;40.3;34.6;27.8;25.2
21/06/2009;578.888246;7;22.85;40.4;32.4;25.5;26.1
22/06/2009;715.218286;1;23.15;37.2;34.2;27.5;28.2
23/06/2009;731.652573;2;24.275;33.5;34.6;27.5;26.9
24/06/2009;691.021502;3;24;31.4;31.7;28.4;25.7
25/06/2009;725.271385;4;23.225;28;28;27.6;25.2
26/06/2009;712.442814;5;22.525;29.4;26.4;33.3;25.2
27/06/2009;626.989548;6;23.225;31.5;30.2;27.5;25.4
28/06/2009;562.326184;7;23.325;30.8;29;28.9;24.8
29/06/2009;715.796932;1;25.225;33.4;32.4;28.8;26
30/06/2009;762.067886;2;26.8;35;34.4;29.6;26.3
01/07/2009;778.826135;3;28.175;36;35.5;32.2;27.9
02/07/2009;786.838334;4;27;35.8;34.8;29.6;28.7
03/07/2009;780.269154;5;26.925;34.6;34.6;29.8;29.4
04/07/2009;677.223139;6;27.1;33.8;32.6;29.7;28.1
05/07/2009;611.229349;7;25.95;30.8;31.7;29.5;26.9
06/07/2009;745.667096;1;25.825;30.4;31.4;30.6;26.2
07/07/2009;749.20753;2;25.075;32.6;31.8;28.8;26.5
08/07/2009;738.652896;3;24.85;34.4;32.4;25.8;26.5
09/07/2009;739.733103;4;24.175;35.4;33.6;27.5;26.4
10/07/2009;737.697505;5;24.875;34.2;34;29.5;27.7
11/07/2009;650.303285;6;25.525;35.1;35;30;28
12/07/2009;593.53185;7;25.575;36.7;36;29.6;26.9
13/07/2009;754.728131;1;25.75;34.2;36;29.6;27
14/07/2009;766.92534;2;26.125;30;30.8;29.5;27
15/07/2009;760.296664;3;24.95;33.2;32.5;29.6;26
16/07/2009;765.813777;4;25.55;35.2;34.6;30.1;25.7
17/07/2009;743.68647;5;24.85;31;28.2;30.8;26.9
18/07/2009;624.840468;6;22.05;34.5;29.6;26.6;28.2
19/07/2009;566.496764;7;23.95;38;34;28.2;28
20/07/2009;729.683519;1;25.05;37.4;31.3;28.2;27.6
21/07/2009;770.807281;2;26.625;38;37.6;28.8;26.8
22/07/2009;775.250707;3;28.325;33;33.8;30.5;26.4
23/07/2009;774.882582;4;27.725;32.6;28.6;39.5;29.4
24/07/2009;761.943018;5;25.95;33.5;30.6;32.8;32.3
25/07/2009;654.136935;6;25.675;37.5;34.7;29;30
26/07/2009;602.774862;7;26.725;40.4;37.2;29.4;28.8
27/07/2009;752.425581;1;26.475;36.2;35.6;30.6;28.2
28/07/2009;765.356169;2;26.05;37.8;35.2;29.1;28.4
29/07/2009;770.448278;3;25.8;34.6;34.4;34.6;30.8
30/07/2009;769.744051;4;26.5;37.5;35;30;30.6
31/07/2009;747.878565;5;26.875;36.6;35.4;29.3;38.1
01/08/2009;652.53767;6;26;29.6;30.6;31;36.7
02/08/2009;575.157846;7;23.8;31.8;29;29;28.8
03/08/2009;692.306464;1;24.825;35.8;32.7;29.5;26.3
04/08/2009;722.377584;2;24.525;38.6;35;30;26.6
05/08/2009;736.539394;3;27.3;36.3;36.6;29.7;27.3
06/08/2009;734.137098;4;26.85;34;34.4;31.2;27.1
07/08/2009;717.274358;5;26.7;33;33.4;30.1;30.6
08/08/2009;626.820734;6;25.9;31;32.6;30.1;30.4
09/08/2009;557.85138;7;25.725;34;31.4;27;26.2
10/08/2009;658.814874;1;25.2;36;31.4;28.4;27.2
11/08/2009;679.225869;2;25.75;37.2;32;28.4;26.9
12/08/2009;694.731456;3;26.725;38.6;34.2;30.6;28
13/08/2009;699.944963;4;27.725;38.6;35.2;30.8;27.6
14/08/2009;699.661884;5;27.675;38.5;34.2;33.4;28
15/08/2009;602.949236;6;27.45;38.6;35.2;32.6;27.3
16/08/2009;585.471625;7;26.95;40;36.7;31.4;26.8
17/08/2009;706.098849;1;28.2;39;37.4;32.8;27.3
18/08/2009;727.781743;2;28.425;39;36.7;31;27.1
19/08/2009;730.653484;3;28.225;39;36.6;32.1;27.2
20/08/2009;732.132383;4;28.65;37;36;33;31.6
21/08/2009;726.969332;5;26.725;37.9;36.3;31.6;28
22/08/2009;654.109003;6;27.725;40.8;36.6;31.1;26.6
23/08/2009;600.311058;7;27.675;39;37.5;32;27.3
24/08/2009;727.00268;1;26.775;32.4;32.6;31.6;26.6
25/08/2009;725.728367;2;26.4;30.6;30.8;30.6;26.3
26/08/2009;723.319005;3;25.75;33.6;32.4;30.4;27.3
27/08/2009;741.056078;4;25.8;37.5;34.6;30.5;27.5
28/08/2009;744.344328;5;26.85;38.6;36.8;30.8;27.2
29/08/2009;648.301886;6;27.05;39.5;34;30;26.4
30/08/2009;598.269949;7;26.025;40;35.8;31;26.1
31/08/2009;759.642287;1;26.5;39.6;35.6;30.2;25.9
01/09/2009;787.601833;2;27.325;32.8;31.6;29.6;26
02/09/2009;775.341378;3;25.425;30.4;30.7;31;26.8
03/09/2009;769.479206;4;24.375;33.6;32;35.2;26.4
04/09/2009;770.014832;5;25.6;35;32.2;31;26.6
05/09/2009;653.223051;6;23.45;35.6;30.4;26.1;27.1
06/09/2009;592.081841;7;25;35.8;31.7;28;28.2
07/09/2009;738.88167;1;24.575;37;32.8;28.5;27.9
08/09/2009;744.646195;2;24.225;37.4;32;28.8;26.3
09/09/2009;758.313502;3;24.15;35.6;30.6;28.4;27.2
10/09/2009;752.097186;4;24.225;35;31.8;29.6;26.6
11/09/2009;705.328412;5;24;35;30.5;28.8;26
12/09/2009;630.361436;6;23;30.4;29.4;28.2;26.3
13/09/2009;566.136112;7;22.525;31.2;28;27;27.2
14/09/2009;693.281127;1;21.55;30.2;25.2;27.1;26.7
15/09/2009;697.658996;2;17.075;27.6;23;24.2;27.7
16/09/2009;691.608495;3;17.025;28.2;21;24.5;26
17/09/2009;689.266356;4;15.825;25.5;13.7;25.5;25.6
18/09/2009;680.56121;5;17.825;25.6;18;25.1;25.1
19/09/2009;594.407251;6;18.425;25.8;21.8;28.6;23.6
20/09/2009;539.187074;7;18.9;29;24.1;26.3;23.2
21/09/2009;662.307053;1;18.4;30.5;23.6;25.8;25.1
22/09/2009;687.731716;2;21.175;30.4;26.3;27.8;25.6
23/09/2009;692.574677;3;22.125;32;27.3;22.6;26
24/09/2009;688.034648;4;21.575;30.5;27.4;29.7;26.2
25/09/2009;691.296912;5;21.775;32.2;27.6;28.2;26
26/09/2009;598.685524;6;21.2;31.5;27.6;25.8;26.5
27/09/2009;540.070739;7;21.3;31.2;25.7;25.2;26.2
28/09/2009;671.181241;1;20;30.2;24.8;20;27.8
29/09/2009;689.346953;2;20.3;27.4;22;20.8;26.9
30/09/2009;694.228998;3;20.425;28.4;22;25.1;26.3
01/10/2009;695.464695;4;21.025;29.4;23.2;28.2;26.5
02/10/2009;690.806299;5;20.425;30.6;25.2;28.4;26.5
03/10/2009;597.852142;6;19.45;31;25.6;26.4;26.9
04/10/2009;543.957769;7;19.375;33.5;26.5;27.4;27.7
05/10/2009;685.168929;1;20.75;31;27.8;27.2;29.7
06/10/2009;709.026414;2;21.775;28.6;27.3;28.5;27
07/10/2009;712.882744;3;21.875;22.4;24.4;26.8;27.5
08/10/2009;717.292641;4;21.075;25.5;21.5;31;27.6
09/10/2009;682.328501;5;20.125;24.5;23;26.5;27.3
10/10/2009;602.747334;6;20.775;28.2;24;27;27.2
11/10/2009;541.192844;7;20.85;30.2;25.4;27.2;27
12/10/2009;550.94658;1;20.325;32;26.2;28.3;28.4
13/10/2009;672.164642;2;19.225;28.8;22.8;26;26.9
14/10/2009;688.912742;3;18.4;29.5;24.8;25.4;26.5
15/10/2009;691.780231;4;17.425;29;22.9;22.2;27
16/10/2009;685.811758;5;13.75;26.4;17.7;19.8;26.8
17/10/2009;598.903714;6;13.85;25.8;21.4;22.2;26.6
18/10/2009;546.680605;7;13.725;26.4;22;20.4;26.8
19/10/2009;684.429073;1;12.85;26;20.2;21.6;27
20/10/2009;710.003566;2;17.5;17.8;15;22;27.6
21/10/2009;708.446376;3;16.175;18;13.4;22.6;27.2
22/10/2009;709.955879;4;13.45;21.5;16.7;23.8;25.9
23/10/2009;697.533935;5;14.825;23.2;18.5;26.5;26.9
24/10/2009;608.117296;6;16.475;24.2;20.4;30.3;26.8
25/10/2009;574.71629;7;18.775;24.2;20.6;28.6;26.2
26/10/2009;676.64687;1;19.175;26.6;22.8;26.4;26
27/10/2009;695.076789;2;17.775;27.8;22.4;24.5;25.2
28/10/2009;696.549279;3;18.35;27.6;22.4;24.6;26.6
29/10/2009;695.603807;4;18.15;26;23.2;25.6;26.4
30/10/2009;691.072511;5;18.25;26;23.4;26.2;26.7
31/10/2009;602.235662;6;17.6;26.5;22.4;24.4;28
01/11/2009;545.39753;7;18.25;26.7;22.7;23.8;27.5
02/11/2009;641.952473;1;18.175;21;17.1;26;26.5
03/11/2009;688.184748;2;15.575;22.2;20;27.2;25.9
04/11/2009;699.002871;3;15.3;20.8;16.8;23.9;25.7
05/11/2009;707.681865;4;13.7;17.5;13.2;21.6;26.1
06/11/2009;710.748012;5;12.875;20;16.6;22.5;25.5
07/11/2009;627.067562;6;14.75;19.5;14.6;25.5;25.4
08/11/2009;578.835703;7;12.2;18.5;14.5;21.5;25.6
09/11/2009;703.517236;1;11.85;20.6;14.8;20.2;25.4
10/11/2009;738.118238;2;10.25;22.8;15.7;20.6;25.6
11/11/2009;735.245216;3;12.1;22.6;17.6;24.9;25.1
12/11/2009;728.970894;4;12.625;21.6;16.4;25;24.5
13/11/2009;720.37527;5;13.125;23;16.5;24.3;24.4
14/11/2009;635.898717;6;14.175;18.5;16.4;26.6;24.1
15/11/2009;575.421322;7;15.45;22.5;16.4;27;25.6
16/11/2009;705.115779;1;15.6;25.2;19.6;30;26.1
17/11/2009;723.48368;2;13.725;21.8;17.4;23.8;23.5
18/11/2009;727.111805;3;15;20.8;18.6;20.3;24.1
19/11/2009;731.963852;4;13.925;20.9;17.6;19.5;23.8
20/11/2009;721.151855;5;13.025;19.5;16;21.4;26
21/11/2009;632.115579;6;12.725;19;15;20.6;25
22/11/2009;579.073427;7;16.125;17.4;15;25.4;25
23/11/2009;714.20428;1;11.375;17.6;14;21.8;24.2
24/11/2009;738.753103;2;10.925;19.2;15;20.6;23.4
25/11/2009;750.340695;3;9.475;17.5;12.5;23;25.6
26/11/2009;750.758376;4;12.4;17.6;11;22.8;25.4
27/11/2009;741.182665;5;11.425;15.1;11.6;22.2;25.7
28/11/2009;660.410157;6;9.45;15.6;10.5;19.9;24.1
29/11/2009;620.918629;7;10.325;14.2;8.6;17.2;25.9
30/11/2009;765.169155;1;8.65;14.8;9;16.2;24
01/12/2009;789.144409;2;8.675;13.3;9.2;17.6;22.4
02/12/2009;782.978017;3;10.3;16.5;11.7;20;23.4
03/12/2009;771.049256;4;11.525;16.4;11.7;20;23.2
04/12/2009;764.280219;5;9.25;16.6;12.6;22;23.5
05/12/2009;682.891099;6;7.725;12.2;7.4;18.5;23.1
06/12/2009;629.675886;7;9.85;17.8;11.3;20;22.6
07/12/2009;668.82743;1;11.8;17.6;10.5;19.7;21.6
08/12/2009;633.148857;2;12.55;16.6;11.6;23.1;22.1
09/12/2009;754.978045;3;10.35;16.2;10.8;20;23.1
10/12/2009;771.107819;4;10.775;13.6;13;20.2;27.7
11/12/2009;770.064915;5;10.225;16;13;19.2;26.7
12/12/2009;694.003086;6;7.9;9.6;11.6;16.4;21.1
13/12/2009;662.612282;7;5.05;12.4;7;10.5;22.1
14/12/2009;826.589175;1;5.025;10;6.2;7.4;23.3
15/12/2009;851.564831;2;2.825;9.6;5.5;10.4;26.6
16/12/2009;876.572045;3;1.525;11.9;1.4;10;23.4
17/12/2009;847.073277;4;5.425;16.5;11.7;19.2;26
18/12/2009;844.964885;5;2.6;9.8;4.6;12;24.1
19/12/2009;750.502787;6;2.575;9.2;4.4;10.6;23.7
20/12/2009;713.099659;7;0.5;7.8;2.8;11;26.4
21/12/2009;855.03749;1;0.85;16.8;3.8;11.4;23.8
22/12/2009;822.455809;2;6.65;16;10.4;16.3;25.6
23/12/2009;780.74782;3;10.525;18.5;12.4;19.5;24.4
24/12/2009;661.223655;4;11.825;18;13.6;19;26.1
25/12/2009;557.581238;5;9.55;9.4;8.4;18;28.9
26/12/2009;614.429855;6;8.5;12.6;9.5;13.8;24.3
27/12/2009;607.92329;7;7.25;11.8;6.7;17;23.7
28/12/2009;718.349368;1;8.225;18.5;10.4;20.6;24.4
29/12/2009;693.780398;2;12.7;18.2;13.6;24.1;24
30/12/2009;673.912683;3;14.2;15.6;12;22;26.1
31/12/2009;627.617254;4;11.525;14;9.8;19.2;21.4
01/01/2010;554.914113;5;8.525;14.6;7.6;16.1;21.5
02/01/2010;623.585388;6;6.75;14.5;7.5;15.4;21.4
03/01/2010;622.306166;7;7.35;13.9;7.4;16.2;23.7
04/01/2010;739.289627;1;8.375;16.4;9.2;13.9;23
05/01/2010;729.508762;2;9.525;14.8;9.8;15;23.9
06/01/2010;626.389455;3;7.125;9;6.8;14.3;24.7
07/01/2010;819.410955;4;3.375;9.2;3.6;9.4;23.9
08/01/2010;850.929519;5;3.225;8.4;3;6.5;19.7
09/01/2010;769.903523;6;2.525;9.5;2.4;9.2;20.4
10/01/2010;744.176129;7;0.125;4;0.1;8.6;22.5
11/01/2010;879.436488;1;3;6.6;2;11.5;21.3
12/01/2010;902.921116;2;2.225;13.4;3.8;14.1;21
13/01/2010;869.978053;3;6.75;14.9;7.9;14.6;22.5
14/01/2010;836.703992;4;9.575;17;10.5;18.6;22.7
15/01/2010;822.065924;5;7.85;11.8;8;18.9;22.5
16/01/2010;727.562148;6;8.025;16.2;9;19.4;22
17/01/2010;659.096299;7;10.175;15.6;11.4;19;26.2
18/01/2010;789.907845;1;10.475;16.8;12.8;15.1;29.5
19/01/2010;803.791487;2;10.175;17;11.2;16.1;23.3
20/01/2010;789.245643;3;9.725;14;12;19.4;22.4
21/01/2010;797.388045;4;7.225;13.6;9;18.2;21.7
22/01/2010;795.069952;5;7.55;13.5;8.4;18.5;22.3
23/01/2010;715.843724;6;8.7;14.8;10.8;13.4;22.5
24/01/2010;661.25863;7;9.875;15;11.5;14.3;20.9
25/01/2010;808.121913;1;7.6;14.2;8.4;11.3;21.1
26/01/2010;847.637136;2;6.35;11.6;8.5;11.5;20.4
27/01/2010;863.41952;3;5.45;10.6;4.3;10.2;20
28/01/2010;852.372199;4;4.975;13.8;9.4;13.1;21.3
29/01/2010;830.824136;5;6.15;14.6;11.6;19.4;19.9
30/01/2010;731.895053;6;8.1;14.8;10.3;19.2;20.8
31/01/2010;677.190728;7;6.825;14;10.2;16.5;24.8
01/02/2010;810.918396;1;6.475;13.4;9.7;14.6;21.9
02/02/2010;833.279723;2;5.675;14.9;9.5;14.2;23.8
03/02/2010;837.021225;3;6.075;11.6;12.6;14.7;24.5
04/02/2010;847.626765;4;8.425;15.8;9.6;12.6;21.5
05/02/2010;806.321339;5;11.2;16.8;12.4;20;21.7
06/02/2010;703.564864;6;11.325;17;14;19.5;23.3
07/02/2010;650.848394;7;8.725;15;11.4;16.9;25.6
08/02/2010;797.532018;1;9.5;17;11.4;14.1;24.3
09/02/2010;810.346465;2;8.175;16.5;11.6;16.5;22.5
10/02/2010;828.450847;3;6.35;10.5;7.5;16.6;21.9
11/02/2010;843.178808;4;3.025;12.2;6.1;11;22.8
12/02/2010;862.135537;5;4.05;7;6.4;11.8;22.2
13/02/2010;778.678677;6;2.375;11;5;8;22.8
14/02/2010;713.80723;7;2.5;8.4;5.2;11.1;22.5
15/02/2010;876.12127;1;1.425;8.4;2.2;6.8;23.5
16/02/2010;859.836547;2;5.95;13.6;6.8;10.2;24.4
17/02/2010;838.741566;3;9.5;13.8;10.2;18.5;24.4
18/02/2010;836.954952;4;8.375;9.2;7.8;16.3;23.6
19/02/2010;823.805618;5;9.25;14.2;8.5;16.8;21.6
20/02/2010;725.384775;6;7.425;14.3;9.6;16.6;23.1
21/02/2010;686.355234;7;6.675;15.4;6.6;14.7;25.3
22/02/2010;795.7063;1;9.225;17;11.6;18.8;24.1
23/02/2010;791.916741;2;11.925;16.6;11.4;21.8;23.4
24/02/2010;780.559819;3;12.8;18.4;12.7;22.4;22.9
25/02/2010;779.704118;4;11.95;17;12;22.8;22.2
26/02/2010;760.092268;5;11.825;15.8;11.2;21.8;30.1
27/02/2010;671.50029;6;11.725;22.4;19;15.5;30.9
28/02/2010;607.940053;7;11.225;17;12.4;19.6;23.5
01/03/2010;732.411356;1;10.25;16.4;12.3;20.8;21.3
02/03/2010;783.099347;2;10.175;13.4;14.2;15.6;22.7
03/03/2010;794.518919;3;9.55;16;13.5;16.4;22.2
04/03/2010;774.077328;4;10.25;17.2;16;23.2;23.2
05/03/2010;788.923336;5;8.8;14.5;10.2;14.6;25.6
06/03/2010;708.584661;6;6.45;12;5;13.1;23.2
07/03/2010;658.330745;7;6.375;16.8;9;12.2;22.7
08/03/2010;806.436065;1;2.35;12;5.3;12.2;23.8
09/03/2010;813.412815;2;5.15;13.6;10.2;15.5;25.7
10/03/2010;833.973779;3;3.325;14.6;8.4;12.2;22.5
11/03/2010;843.063602;4;3.825;13.5;8.2;13;25.9
12/03/2010;843.923266;5;4.575;13.6;6;11;22.3
13/03/2010;730.982108;6;5.6;14.6;10.6;13.5;21.3
14/03/2010;668.372019;7;7.025;15.8;13.2;14.3;21
15/03/2010;789.71165;1;7.925;18;15.8;18;21.3
16/03/2010;790.36684;2;9;20.2;18;16;22
17/03/2010;771.529415;3;10;22.2;18.6;16;23.3
18/03/2010;763.19424;4;10.525;23.2;17.7;15.5;29.9
19/03/2010;682.50439;5;11.275;22.6;16.2;14.6;29.6
20/03/2010;650.120197;6;13.025;22.4;18.8;25.5;25.1
21/03/2010;599.54387;7;12.975;21.6;16.5;18.1;22.5
22/03/2010;715.610375;1;13.675;20;19.5;20.3;22.1
23/03/2010;732.000725;2;13.025;22.5;18.6;17.2;21.6
24/03/2010;739.600288;3;13.525;20;18.9;16.6;23.9
25/03/2010;749.831268;4;12.325;15.4;12.5;20;22.2
26/03/2010;735.969645;5;12.875;17.8;11.8;21.3;23
27/03/2010;644.029129;6;14.075;19;16.5;24.2;22.2
28/03/2010;553.519622;7;11.75;22;18.8;21;22.2
29/03/2010;696.983702;1;11.15;18;14.4;24;23.5
30/03/2010;706.287633;2;12.475;15;13.4;22;22.6
31/03/2010;696.973141;3;11.525;16;14.4;21.6;22.1
01/04/2010;607.459216;4;9.5;17.2;14;19.4;22.2
02/04/2010;558.1283;5;9.9;17.8;16;21.4;21.6
03/04/2010;585.13034;6;10.825;17;13.2;23.4;21.4
04/04/2010;551.953724;7;10.75;18.5;15.6;20;22.4
05/04/2010;620.743704;1;10.8;22;18.6;17.2;22.1
06/04/2010;700.440814;2;12.025;21.4;18.4;17.6;22.1
07/04/2010;719.450663;3;12.25;22.4;17.1;18.2;22.3
08/04/2010;719.088245;4;11.675;22.8;19.5;19.6;22.2
09/04/2010;712.262841;5;11.75;23.6;19;20.3;22.5
10/04/2010;623.746734;6;13.875;23.5;20.6;19;24.3
11/04/2010;565.45177;7;13.95;23.6;21.6;22.8;22.4
12/04/2010;690.070429;1;13.275;24.6;20.3;18.5;25.5
13/04/2010;734.458751;2;9.675;18.4;10;12.9;26.8
14/04/2010;733.95824;3;11.1;19.4;12.5;14.4;26.4
15/04/2010;730.928041;4;12.15;21.3;15.1;17.8;26.1
16/04/2010;720.901261;5;14.15;21.5;18;18.3;25.7
17/04/2010;633.05947;6;13.05;19.8;16;15.6;24.2
18/04/2010;579.788716;7;13.3;19.8;14.6;17.9;22.7
19/04/2010;692.740658;1;13.8;21.4;18.8;23.6;22.9
20/04/2010;699.758523;2;15.125;25.2;21;22.8;25.9
21/04/2010;698.963307;3;15.5;24;22.3;21;24
22/04/2010;706.090575;4;15.875;23.5;21;18;23.1
23/04/2010;678.250094;5;15.85;22.5;20.6;24;23.4
24/04/2010;600.584893;6;15.725;24.2;23;20.9;23.5
25/04/2010;547.051572;7;17.55;27.8;25.7;21.8;23.7
26/04/2010;673.410714;1;18.95;30;26.9;25.8;25.2
27/04/2010;693.718109;2;19.625;31.4;29;22.8;29.3
28/04/2010;692.151138;3;19.175;32.5;28.4;22.7;30.7
29/04/2010;696.600785;4;18.25;27.2;25.7;22.2;26.9
30/04/2010;692.44378;5;17.2;24;24;21.8;24.5
01/05/2010;543.0212;6;18.075;24.8;23.2;22;24.8
02/05/2010;533.340425;7;16.925;24.6;22.3;22.5;24.2
03/05/2010;672.359995;1;13;21.6;16;17;23.9
04/05/2010;705.996701;2;9.475;19.4;13.8;18.1;22.7
05/05/2010;712.794234;3;11.375;21;15.4;20.4;23.1
06/05/2010;709.380764;4;11.45;23.8;18.2;20.3;23.8
07/05/2010;704.884728;5;13.275;21.6;17.9;19.8;23.5
08/05/2010;616.720446;6;14.125;17.8;16.5;25.5;25.3
09/05/2010;561.044627;7;14.725;19.4;16.4;27.4;24
10/05/2010;676.880181;1;15.6;21.5;17.2;27.1;24.3
11/05/2010;693.889015;2;14.425;19.8;16.5;26;22.8
12/05/2010;700.981539;3;14.925;19;16.5;24.8;21.2
13/05/2010;700.773637;4;13.05;18.4;13;23.8;24.3
14/05/2010;707.457971;5;11.45;18.6;15.7;17.6;23.2
15/05/2010;613.77579;6;13.725;21.5;17;24.4;23.2
16/05/2010;557.901586;7;13.65;24.8;20;21.5;23.9
17/05/2010;668.126272;1;14.7;27.2;24;20;24
18/05/2010;688.084726;2;16.525;30.2;26.2;21.8;27
19/05/2010;699.184608;3;17.575;31.8;27.6;23.2;28.6
20/05/2010;697.217535;4;17.875;30.6;25.6;24.6;31.7
21/05/2010;695.01406;5;18.775;32.5;28;25.2;27.4
22/05/2010;612.002838;6;20.15;32.1;28.8;25;23.9
23/05/2010;551.877122;7;19.475;32.4;28.6;24;24.1
24/05/2010;665.4125;1;19.7;26;27.8;25;23.8
25/05/2010;697.110323;2;19.65;24.8;23.9;24.6;23.9
26/05/2010;702.85353;3;19.2;25.4;24.6;25;23.1
27/05/2010;704.122071;4;19.025;25.3;23.9;23.6;24.4
28/05/2010;693.626731;5;18.85;27.4;22.7;24.9;24.2
29/05/2010;607.713684;6;20.025;29.5;26.6;25.5;24.4
30/05/2010;558.924042;7;20.925;33;30.3;29.5;25.2
31/05/2010;705.186721;1;22.925;36.6;31.8;36.2;25.8
01/06/2010;738.578222;2;22.65;37.8;31.4;28.9;27.6
02/06/2010;741.608948;3;22.9;35.5;30.2;27;36.9
03/06/2010;715.45981;4;22.225;34.8;31.5;26.1;28.3
04/06/2010;733.400902;5;22.5;35;33;27.4;25.6
05/06/2010;652.282831;6;23.45;33;33;26.3;25.9
06/06/2010;585.380179;7;22.35;31.5;30.5;25.7;25.5
07/06/2010;719.608281;1;21.7;31;29.8;26.5;25.3
08/06/2010;734.477133;2;21.55;24.6;25;26.4;25
09/06/2010;714.204507;3;18.375;22;16.4;26.2;26.1
10/06/2010;699.597416;4;19.05;24;18.4;28;21.9
11/06/2010;692.401774;5;18.1;23.4;17.4;27.5;22.6
12/06/2010;608.40965;6;17.15;24;15.3;27.7;24.4
13/06/2010;548.02064;7;19.4;24.6;23;25.3;25.9
14/06/2010;682.463698;1;19.55;31;23.5;24.4;24.9
15/06/2010;695.910619;2;16.45;27.5;19;22.2;24.3
16/06/2010;687.970108;3;16.75;28.2;19.2;23.2;25
17/06/2010;685.162231;4;16.95;29.8;24;24.1;24.6
18/06/2010;684.522403;5;20.075;27.6;26;24.8;24.4
19/06/2010;612.285125;6;19.975;30;26.2;27.5;25
20/06/2010;555.169519;7;19.4;31.4;24.6;29;24.5
21/06/2010;670.394267;1;17.875;32.5;25.1;23.5;25.4
22/06/2010;702.26221;2;20.35;34.8;31.6;25.2;24.8
23/06/2010;706.062247;3;21.8;36.5;32.2;25.3;25.2
24/06/2010;675.385953;4;23.175;36.2;33.4;25;24.6
25/06/2010;694.963692;5;23.325;33.6;31;26.9;25.4
26/06/2010;630.388468;6;23.225;35;30.2;28.6;25.8
27/06/2010;568.821582;7;23.85;34.5;28;28.4;26.3
28/06/2010;709.132208;1;23.5;35.2;30.4;30.5;25.8
29/06/2010;719.569716;2;24.7;37.3;31;30.4;26
30/06/2010;748.821771;3;24.9;38.2;31.7;29.3;25.3
01/07/2010;771.893389;4;25.675;39;33;30.8;25.5
02/07/2010;769.209108;5;24.75;36;30;29.8;26.1
03/07/2010;670.643456;6;24.2;34.6;27.6;30.8;27.7
04/07/2010;613.984523;7;25.775;39;32.4;28;25.4
05/07/2010;764.979694;1;26.575;40.4;33.9;30.1;26.2
06/07/2010;793.492393;2;26.875;39;35.4;30.6;26.9
07/07/2010;806.548279;3;26.95;38.8;37.2;30.8;25.9
08/07/2010;810.611833;4;27.525;37;33;31.2;25.5
09/07/2010;802.110939;5;27.075;37.6;34.4;30.2;26
10/07/2010;707.331967;6;27.3;39.7;36;29.5;30.7
11/07/2010;636.133197;7;27.8;39.4;37.2;31;29.8
12/07/2010;792.326943;1;27.85;35;35;31;30.8
13/07/2010;800.993085;2;25.85;33;33.5;30;31.4
14/07/2010;802.607157;3;26.375;31.2;30.8;30.6;26.3
15/07/2010;792.953182;4;25.55;34.4;32.5;30.3;26.1
16/07/2010;783.551936;5;24.95;35.5;33.8;30;25.9
17/07/2010;694.518398;6;27.175;37.3;35.5;30;26.8
18/07/2010;628.184523;7;27.675;39.4;36.6;30.4;29.1
19/07/2010;796.420077;1;27.65;36.8;37.4;31;33.3
20/07/2010;804.262288;2;27.625;34.8;35.8;30.1;30.4
21/07/2010;792.367901;3;26.825;33;31.8;30;26.3
22/07/2010;780.358757;4;26.525;32.5;32.2;30.4;26.7
23/07/2010;763.630495;5;25;36.4;32.6;29.6;26.2
24/07/2010;667.958613;6;25.05;39.5;33.6;29.8;26.3
25/07/2010;605.061814;7;25.7;39.4;33.5;29.1;26.3
26/07/2010;745.082038;1;25.375;39;34.3;28.8;26.4
27/07/2010;767.702477;2;26.075;39.6;34.6;29.4;26.2
28/07/2010;780.382507;3;27.075;39.5;37;31;25.5
29/07/2010;779.46006;4;27.225;41.8;37.4;31.7;25.9
30/07/2010;755.903177;5;25.75;40.2;34.4;29.5;26.3
31/07/2010;668.620508;6;27.05;38.8;36.8;29.1;26.3
01/08/2010;608.396581;7;27.075;38;35.6;30;26.7
02/08/2010;730.449435;1;26.675;35.4;35.2;29.7;27.2
03/08/2010;724.792456;2;24.425;37.8;32;28.6;26.4
04/08/2010;729.525028;3;24.925;39.6;34;30;26.8
05/08/2010;728.94335;4;24.875;38.4;32;30.8;26.1
06/08/2010;714.893269;5;24.85;39.8;33;28.1;27.5
07/08/2010;645.526678;6;25.95;39.2;35.3;29.4;26.6
08/08/2010;589.035754;7;25.95;35;30.6;30;26.6
09/08/2010;716.767969;1;27.525;38.5;33.8;32.8;25.4
10/08/2010;737.626337;2;26.7;41.9;33.7;30;26.1
11/08/2010;746.380799;3;26.35;40.8;35.4;30.6;34
12/08/2010;732.142019;4;24.6;36.2;33.7;29.4;39
13/08/2010;687.247224;5;22.225;35.4;28;25.6;30.5
14/08/2010;608.19527;6;20.025;34.5;27;26.6;26.6
15/08/2010;553.175765;7;22.4;36.4;31;27;26.1
16/08/2010;625.209835;1;21.825;32.8;27.7;27.6;29.5
17/08/2010;667.987689;2;23.975;26.4;28.4;28.8;26.2
18/08/2010;683.104647;3;25.025;33;31.6;30;26.9
19/08/2010;683.547362;4;24.25;35;29.2;28.4;28.2
20/08/2010;690.398332;5;24.875;36.5;32.7;28.8;26.5
21/08/2010;639.306718;6;27.15;39.2;36;31.4;27.2
22/08/2010;594.023369;7;27.325;37.6;35;32.2;27.3
23/08/2010;728.097353;1;25.825;32.5;33.2;40;26.9
24/08/2010;745.643675;2;26.125;34.8;32;34.9;27.4
25/08/2010;765.253743;3;26.2;39.2;35.4;31;27.9
26/08/2010;785.166514;4;27.375;40;36.4;33.7;32.2
27/08/2010;786.486047;5;29.575;37;35;43;30.5
28/08/2010;682.137362;6;26.425;39.2;34;29.4;31.7
29/08/2010;614.013133;7;25.75;40.2;33.6;29.8;36.1
30/08/2010;752.169418;1;25;40.6;33.4;29.8;35
31/08/2010;768.275032;2;23.975;37.8;31.2;28.6;29.5
01/09/2010;764.010662;3;24.675;32.6;28;28.6;27.4
02/09/2010;749.228495;4;23.225;34.4;26;27;27.1
03/09/2010;757.287998;5;23.5;36.4;30.7;29.6;27.1
04/09/2010;667.212587;6;24.825;37.2;32.6;31;27
05/09/2010;605.666786;7;25.175;36.8;32.7;31;27.4
06/09/2010;745.906077;1;24.775;33;31.5;30.5;27.5
07/09/2010;751.701466;2;24.15;27.4;24.5;33;27.4
08/09/2010;711.589495;3;21.2;28.2;23.9;31.4;27
09/09/2010;725.258738;4;20.25;31;26;27.8;26.8
10/09/2010;724.718883;5;21.85;34.5;28.7;27.2;28.6
11/09/2010;629.991159;6;22.375;35.2;31;27;27.4
12/09/2010;581.596185;7;23.875;35.6;32.7;27.7;26.1
13/09/2010;722.263062;1;24.325;35.6;32;29.4;26.8
14/09/2010;747.310746;2;24.1;38.3;33.3;27.6;31.7
15/09/2010;760.653497;3;24;33.5;32.2;28.6;34.2
16/09/2010;755.594459;4;23.925;27.4;25.3;26.5;30.9
17/09/2010;724.414934;5;20.525;27.6;23.8;26.8;27.5
18/09/2010;622.205522;6;19.175;26.6;24;26;27.1
19/09/2010;559.860939;7;19.975;32;26.2;26.6;26.8
20/09/2010;689.03597;1;18.725;28.2;20.2;24.9;26.6
21/09/2010;711.455263;2;20.3;28;25.7;28;26.4
22/09/2010;722.182074;3;20.575;30.4;26.3;26.5;25.4
23/09/2010;721.771851;4;21.15;25;22.8;26.6;31.7
24/09/2010;701.474264;5;21.425;29.2;24;31.9;28.2
25/09/2010;612.71547;6;18.375;28.2;21.6;27.9;27.1
26/09/2010;546.399182;7;16.925;28;21;24.4;26.7
27/09/2010;673.587463;1;16.3;28.5;22.5;23.8;26.6
28/09/2010;692.5977;2;17.1;28.2;24.6;24.3;26.4
29/09/2010;606.453137;3;17.925;29.4;25.7;27.5;27.3
30/09/2010;690.32891;4;18.525;28.6;24.6;25.2;27.1
01/10/2010;703.436677;5;19.15;27.8;25.1;26;26.6
02/10/2010;618.688743;6;19.525;27;25.4;25.8;29.7
03/10/2010;565.932113;7;18.9;23.8;19;26.5;27.3
04/10/2010;681.631879;1;20.475;23.2;20.8;27;29.3
05/10/2010;698.611793;2;17.425;24.6;21.2;26.6;26.7
06/10/2010;707.57414;3;17.65;26.6;23.1;25.4;26.3
07/10/2010;714.622753;4;20.625;27;23.7;26;27.6
08/10/2010;713.280048;5;21.875;26;23.3;27;30.6
09/10/2010;615.057201;6;19.275;21;18.6;24.6;26.3
10/10/2010;542.918732;7;16.5;21.2;17;26.2;27.7
11/10/2010;605.42019;1;15.95;24.2;15.6;23.2;27.2
12/10/2010;559.506966;2;16.175;24.4;18.4;17.9;26.2
13/10/2010;671.020539;3;16.825;25.5;19.5;24.6;25.4
14/10/2010;688.626991;4;16.5;24;20.6;24.6;26.9
15/10/2010;689.477645;5;14.4;23.4;18.2;21.1;26.1
16/10/2010;609.040881;6;13.3;23.4;17.4;21.6;25.6
17/10/2010;553.795954;7;13.825;22.8;16;21.1;25.8
18/10/2010;683.161001;1;11.975;23;15.5;21.4;23.8
19/10/2010;709.16913;2;12.275;23.7;18.2;21.1;26.6
20/10/2010;716.084391;3;12.9;25;19.7;22.4;25.4
21/10/2010;716.434036;4;13.825;25.2;18.7;21.9;24.6
22/10/2010;717.461291;5;13.65;23;17.8;21.9;25.2
23/10/2010;625.31412;6;15.625;24.8;18.6;22.7;26.7
24/10/2010;565.871064;7;15.7;24.8;20.2;26.4;25.6
25/10/2010;694.29014;1;13.175;24;16.3;20.8;25.6
26/10/2010;725.540006;2;12.125;22.6;18.5;21.2;25.5
27/10/2010;726.454068;3;12;24;18.2;21.8;25.4
28/10/2010;725.398189;4;14.075;23.8;19;21.7;28
29/10/2010;720.197937;5;14.3;21.4;19.6;20.4;27.9
30/10/2010;641.411682;6;14.025;16;10.8;19.6;25.2
31/10/2010;601.274833;7;15.05;17.5;12.8;20.7;25.5
01/11/2010;581.177189;1;14.55;20.6;16;23;24.5
02/11/2010;703.33362;2;14.25;21.4;17;23.8;25
03/11/2010;722.397285;3;15.225;22.5;19.3;23.4;25.8
04/11/2010;724.345727;4;16.325;25.1;19.7;24;27.1
05/11/2010;719.07814;5;15.725;23.6;18.5;20.8;26.4
06/11/2010;632.888526;6;14.75;23.2;17.2;23;25.6
07/11/2010;582.956806;7;13.55;19.6;14.4;24.6;24.1
08/11/2010;731.991602;1;9.925;16.6;11.9;18;24
09/11/2010;741.697821;2;12.9;16.4;12.9;21.2;23.9
10/11/2010;753.357354;3;12.75;18.1;12.8;20.8;24.7
11/11/2010;755.149041;4;10.35;18.6;14;21.5;24.5
12/11/2010;746.30117;5;11.975;18;12;25.5;24.1
13/11/2010;661.358089;6;11.5;17.8;11.7;25;23.2
14/11/2010;609.063234;7;11.625;16.8;10.6;22.8;23.9
15/11/2010;741.191577;1;11.25;16.4;11.8;20;23.7
16/11/2010;764.656754;2;10.525;16;11.2;21.2;23.1
17/11/2010;786.961863;3;9.425;16.8;10;16.2;22.4
18/11/2010;778.428671;4;9.85;17;11.6;19.7;24.6
19/11/2010;791.194715;5;7.325;14.5;10.3;16;23.9
20/11/2010;703.891829;6;9.85;17.4;11.7;18;24.5
21/11/2010;641.393234;7;9.65;16;10.3;18;24.2
22/11/2010;779.251969;1;9.825;15.4;10.5;20.3;23.7
23/11/2010;803.111188;2;8.1;11.8;10.6;19;23.5
24/11/2010;806.407832;3;7.925;13.4;10.4;18.2;23.7
25/11/2010;806.992713;4;6.575;15;10.4;17;23.2
26/11/2010;816.915098;5;6.3;10.8;7.3;16.5;27.2
27/11/2010;740.835684;6;4.875;11.6;6.2;12.5;26.5
28/11/2010;676.959572;7;5.875;13.4;7.5;16.4;26
29/11/2010;851.020574;1;1.85;9.8;2.5;8.6;25.2
30/11/2010;859.457699;2;5.925;12.2;7;15;26.8
01/12/2010;844.757892;3;7.475;13;6.2;13.8;22.7
02/12/2010;853.416211;4;5.425;12.2;6.3;15.5;21.3
03/12/2010;856.468079;5;4.95;11;5.9;14.7;22.6
04/12/2010;775.89407;6;3.025;8.6;4.6;14.2;23.4
05/12/2010;710.531793;7;6.325;18.8;7.4;14;27.5
06/12/2010;677.805296;1;12.225;20;15.8;24.5;27.2
07/12/2010;708.340744;2;12.825;20.2;12.5;19.6;27
08/12/2010;650.889096;3;14.025;19;12.6;24.8;25.8
09/12/2010;757.341565;4;13.175;19.8;13.5;24;25.2
10/12/2010;770.187067;5;12.675;19.6;16.1;14.8;25
11/12/2010;694.678674;6;9.95;17.5;11.4;17;22.5
12/12/2010;648.974396;7;9.25;14.4;12;16.7;23.5
13/12/2010;777.635526;1;10.175;19;14.2;15.5;22.4
14/12/2010;803.377913;2;10.9;12;12.6;14;22.6
15/12/2010;834.881676;3;4.675;11.5;6.6;13.5;24.4
16/12/2010;859.512801;4;3.1;8.6;4.8;12.8;25.9
17/12/2010;859.53961;5;3.95;8.6;6;17;24.7
18/12/2010;768.686331;6;4.175;11;6.4;11;26.3
19/12/2010;701.615523;7;8.225;13.6;10.9;13.1;24.8
20/12/2010;816.211095;1;7.525;14.4;9.2;17.1;25
21/12/2010;827.679329;2;6.95;17.8;11;13.1;25.6
22/12/2010;800.7864;3;9.725;14;10.2;15.5;24.1
23/12/2010;775.415503;4;9.725;12;8.6;18.6;21.5
24/12/2010;684.975677;5;7;11;6;14;21.7
25/12/2010;597.61179;6;4.625;6.8;7;13;22.4
26/12/2010;640.905515;7;3.3;10;6;14.7;22.5
27/12/2010;775.822455;1;3.5;8.4;6.7;14;22.3
28/12/2010;772.058438;2;5.6;16;8;14.2;23.6
29/12/2010;750.751519;3;9.025;17.3;11.8;15.3;25
30/12/2010;741.511245;4;7.675;15;7.8;15;22
31/12/2010;669.193826;5;8.85;15.9;10;13.5;22.5
01/01/2011;568.705407;6;9.55;14.6;11.3;15.8;21.9
02/01/2011;603.951177;7;10.575;12.2;11.8;19.3;21.2
03/01/2011;758.625016;1;5.625;11.8;8.2;14.3;21.4
04/01/2011;790.409936;2;6.625;15.2;7.7;17;21.5
05/01/2011;761.542439;3;8.725;17;10;16.7;22.7
06/01/2011;622.558171;4;11.4;18.2;14;23;25.9
07/01/2011;704.462092;5;11.025;16.3;12;21.8;23.4
08/01/2011;675.39241;6;10.975;15.4;12;21.8;23
09/01/2011;640.028322;7;10;13.8;9.6;19.5;22.2
10/01/2011;783.908803;1;8.375;14.2;7;18.7;21.6
11/01/2011;797.894534;2;11.075;16.8;14.3;23;21.9
12/01/2011;790.392723;3;10.375;10.2;13.8;21.4;21.9
13/01/2011;790.405802;4;9.5;10;12.6;22;22.6
14/01/2011;787.484143;5;9.375;9.4;13.5;19.4;22.3
15/01/2011;701.857835;6;9.475;8.8;13.5;16.4;22.2
16/01/2011;654.42765;7;8.95;12;12.7;14;22.5
17/01/2011;792.537582;1;6.525;11.3;7.6;14.5;23.4
18/01/2011;812.27544;2;8.7;11;11.1;15;22.4
19/01/2011;811.168553;3;9.025;15;9.5;14.6;21.3
20/01/2011;806.653909;4;8.95;15;10.8;16;21.7
21/01/2011;826.159945;5;4.375;12.4;6.1;14.3;24.4
22/01/2011;769.842534;6;2.55;10;6;12;21.5
23/01/2011;723.151993;7;1.85;9.2;4.2;10.8;23.7
24/01/2011;864.498587;1;2.8;12.5;6.8;10.6;21
25/01/2011;881.445122;2;3.2;12.4;7.2;12.4;22
26/01/2011;878.560783;3;3.1;15;7.2;9.5;21.6
27/01/2011;863.710403;4;4.225;11.2;6;9;21.9
28/01/2011;850.767171;5;7.675;13.4;8;12;21.2
29/01/2011;748.978786;6;7.275;13.5;8;16.4;20.5
30/01/2011;693.405634;7;4.9;10.6;5.8;15.2;19.2
31/01/2011;840.471755;1;6.175;12.5;6.4;10.5;19.3
01/02/2011;852.834986;2;6.025;12.5;8.6;17;20.1
02/02/2011;846.947854;3;7.875;14.2;10.7;18.1;19.8
03/02/2011;837.410984;4;7.675;15;12.3;18.4;19.8
04/02/2011;821.282839;5;8.625;19.4;13.6;18.9;19.9
05/02/2011;724.653551;6;9.25;18.8;16.1;20.4;21.7
06/02/2011;658.273022;7;11.15;19.2;16.8;19.8;20.8
07/02/2011;791.66652;1;8.8;19.3;16.2;16.5;20.8
08/02/2011;815.730309;2;7.425;16.8;14.5;14.6;20.5
09/02/2011;812.531913;3;7.7;17.2;13.3;14.6;21.6
10/02/2011;805.657243;4;7.875;18;14;14.5;20.7
11/02/2011;799.009568;5;8.925;19.8;13.3;14.4;22.1
12/02/2011;709.703566;6;8.275;19.2;13.6;17.6;20
13/02/2011;656.984224;7;7.8;14;11.2;21.6;21.5
14/02/2011;795.11031;1;7.975;12.2;8.3;18.6;19.4
15/02/2011;824.801652;2;7.7;12.8;8.4;14.2;22
16/02/2011;820.601499;3;8.025;12.4;7.6;17.2;21.3
17/02/2011;825.067525;4;7.15;14.6;8.9;16.2;21.6
18/02/2011;801.662843;5;9.05;14.6;12.2;21.1;21.4
19/02/2011;713.30216;6;8.925;14.8;9.4;19.2;20.8
20/02/2011;641.025664;7;10;17.2;13.8;21.8;22.6
21/02/2011;771.102537;1;10.425;17.6;12.6;21.6;21.7
22/02/2011;772.107371;2;14.525;19.8;15;24.1;21.5
23/02/2011;750.793138;3;11.825;20.8;17.7;20.5;21
24/02/2011;749.353152;4;12.125;22.5;18.5;18.8;20.9
25/02/2011;739.754139;5;12.525;22.6;20;20.8;21.9
26/02/2011;659.393651;6;12.475;20.8;20.6;24.2;22.3
27/02/2011;606.593693;7;9.75;18.8;12.8;20;21.6
28/02/2011;743.702135;1;7.125;16;10;16;22.7
01/03/2011;797.48333;2;6.8;14.6;9.8;16;21.3
02/03/2011;813.514413;3;7.65;15;8;15.3;20.9
03/03/2011;828.059738;4;5.675;14.6;7.8;12.9;20.8
04/03/2011;828.604456;5;6.1;13.3;6.4;11;19.4
05/03/2011;711.236051;6;8.65;15.5;10.6;15.6;19.7
06/03/2011;641.479815;7;8.7;15.6;12.6;16.8;22.6
07/03/2011;756.885394;1;10.35;20;16.4;16;21.6
08/03/2011;786.068794;2;10.875;14;12.7;16;21.4
09/03/2011;795.121676;3;11.45;14;13.7;13.6;22.3
10/03/2011;783.973624;4;10.1;16.2;17;15.4;23.2
11/03/2011;788.716259;5;8.85;14.4;11;12.3;22.1
12/03/2011;695.91998;6;10.825;17.5;13.8;17.2;22.3
13/03/2011;624.601984;7;11.525;14.4;12.8;22.4;23.5
14/03/2011;765.351464;1;11.375;12.4;13.6;14.6;18
15/03/2011;780.113435;2;12.375;16;12.1;19.8;19.2
16/03/2011;780.100052;3;9.25;17.8;10.6;14.7;19.2
17/03/2011;755.44828;4;13.725;20.5;16.6;23;20.3
18/03/2011;734.798475;5;12.525;22.7;20.3;24;21.3
19/03/2011;634.803145;6;13;24;20.6;18.8;21.8
20/03/2011;585.349115;7;12.275;24.8;20;17;22.4
21/03/2011;720.59525;1;10.675;21.8;16.4;16.6;23.2
22/03/2011;744.530169;2;11.15;18.2;12.6;17;23.9
23/03/2011;758.767035;3;10.125;17.4;11.2;13;24.3
24/03/2011;753.959659;4;10.575;23.6;11.4;13.3;21.4
25/03/2011;737.766542;5;12.1;22.4;15.2;17.2;21.5
26/03/2011;648.218373;6;12.625;18;17.7;19;22
27/03/2011;570.534143;7;12.925;17.8;14.2;22;22.5
28/03/2011;715.406987;1;12.725;17.4;13.3;24.3;21.8
29/03/2011;729.158648;2;12.975;21.6;17.8;24.2;22.3
30/03/2011;729.127234;3;14.3;23;19.7;20.8;23.7
31/03/2011;713.555483;4;14.325;26;21.4;22.8;23
01/04/2011;699.652144;5;15.95;30;24.5;24;24.5
02/04/2011;614.515038;6;15.45;22.6;21;22.2;22.1
03/04/2011;571.270381;7;15.425;16.4;18;19.4;22.2
04/04/2011;685.834663;1;16.1;24.4;21.5;21.6;22.3
05/04/2011;697.140688;2;16.8;27.7;25;22.4;22.4
06/04/2011;699.825997;3;16.375;28.7;25;22.5;21.3
07/04/2011;692.667702;4;16.6;31.2;26.5;23;23.1
08/04/2011;695.59698;5;17.9;32.6;27.9;25;22.7
09/04/2011;611.133721;6;18.65;28;28.2;30.2;24.4
10/04/2011;558.768333;7;18.725;28.7;24.6;25.2;22.8
11/04/2011;679.342761;1;18.025;26.4;23;24.2;22.9
12/04/2011;695.389245;2;17.575;28.4;23.9;23.6;23.5
13/04/2011;691.813526;3;16.575;30;26.4;20.5;22.7
14/04/2011;694.024558;4;16.075;31.2;26.7;20.5;23.1
15/04/2011;693.502868;5;14.85;31;22.2;20.2;20.3
16/04/2011;616.980941;6;14.875;28.4;21;19;23.9
17/04/2011;553.708972;7;14.45;28.4;22.2;20.2;25.4
18/04/2011;660.126522;1;14.475;25;22.4;19.5;27.2
19/04/2011;674.778588;2;14.975;17.9;20.7;19.5;21.9
20/04/2011;659.449853;3;15.8;20;20.4;20.5;21.4
21/04/2011;566.28422;4;16;16.5;19.3;17;22.8
22/04/2011;522.261688;5;13.7;15.4;15.2;19;23.6
23/04/2011;544.093723;6;14.5;19;16;20.8;22.1
24/04/2011;517.333852;7;15.6;23;19.4;20;20.7
25/04/2011;583.502691;1;16.275;24.2;21;21;22.2
26/04/2011;659.857773;2;17.325;25.6;19.8;25.2;22.5
27/04/2011;672.708341;3;16.9;26.8;23;24;20.9
28/04/2011;674.327527;4;17.025;27.8;24.5;21.8;24.8
29/04/2011;678.005582;5;15;18;19.6;20.6;22.3
30/04/2011;598.097038;6;14.825;18.5;16.3;20;25.5
01/05/2011;518.279997;7;15.9;21.4;19.8;21;22.5
02/05/2011;598.569741;1;16.15;24.6;22.8;20.5;21.6
03/05/2011;673.120067;2;16.2;24.8;21;24.8;22.3
04/05/2011;682.796492;3;16.5;23.8;22.6;27;21.9
05/05/2011;685.835777;4;16.775;26.2;23.2;22.7;22.5
06/05/2011;680.530211;5;18.475;24.5;23.5;22;23.8
07/05/2011;604.735636;6;16.95;22.4;16.6;19.6;23
08/05/2011;541.259295;7;16.05;24.8;20.6;24.5;22.5
09/05/2011;666.127144;1;17.875;31;26;24.5;23.4
10/05/2011;687.258721;2;18.45;33.2;27;23;24
11/05/2011;690.838124;3;18.2;30.6;26.6;23.5;24.7
12/05/2011;691.201633;4;19.1;31;23;23.6;24
13/05/2011;687.693385;5;20.7;32;26.4;25.1;25.5
14/05/2011;617.410158;6;20.25;32;28.2;26.6;26.2
15/05/2011;545.709504;7;15.825;29.6;21.5;20.7;24.5
16/05/2011;662.69311;1;16.95;31.2;24.2;22.2;24.2
17/05/2011;678.913669;2;17.85;28;25.2;23.2;24.9
18/05/2011;691.983272;3;18.675;23.8;24.5;22;26.5
19/05/2011;689.069416;4;17.15;24;18.6;21.4;25.4
20/05/2011;676.934441;5;17.675;27.2;24;23.6;24.8
21/05/2011;603.208883;6;19.4;30;26.5;25.9;24.2
22/05/2011;544.442976;7;20.625;31.4;27.8;26.6;26.1
23/05/2011;679.60367;1;21.625;32.6;29.4;29.2;25.1
24/05/2011;709.582206;2;23.325;33.8;30.7;28.6;25.1
25/05/2011;720.841019;3;22.925;33.6;31.2;31.3;23.8
26/05/2011;726.133554;4;22.8;26;29.4;28.2;27.1
27/05/2011;710.621197;5;21.35;29.9;24.9;25.5;24.1
28/05/2011;620.184624;6;20.375;29.3;26.8;24;24.9
29/05/2011;562.343782;7;21.3;27.3;27;24.4;24.8
30/05/2011;680.121689;1;20.275;20.2;23;25;24.9
31/05/2011;697.791472;2;19.5;28.4;23.7;26;25.4
01/06/2011;694.316786;3;16.75;28.4;22.7;23;25.2
02/06/2011;689.521148;4;16.175;26.6;22.7;23;24.6
03/06/2011;686.207872;5;17.125;29;22.8;21.6;25.3
04/06/2011;611.122193;6;18.35;30;23.7;22.7;26.5
05/06/2011;556.1556;7;18.85;30.8;27.2;23.4;25.2
06/06/2011;676.022166;1;18.15;24.7;21.7;23.5;26.5
07/06/2011;686.958543;2;18.45;24.2;19.1;28;24.7
08/06/2011;684.94449;3;17.15;25.2;21.7;24.5;24.9
09/06/2011;683.795878;4;18.5;24.6;22.6;24.4;24.6
10/06/2011;686.304173;5;18.45;28;23.5;26.4;24.5
11/06/2011;611.17849;6;19.7;30.6;26;24.6;25.3
12/06/2011;559.724961;7;21.725;33.6;29.8;25.1;26.4
13/06/2011;666.143349;1;23.1;30.2;30.3;26.5;27.2
14/06/2011;721.547222;2;22.85;31.6;30.2;26.2;26.4
15/06/2011;737.007991;3;23.625;33;31.8;27;28.8
16/06/2011;735.921559;4;23.15;30.4;30;27;28.9
17/06/2011;729.705929;5;22.675;30.4;29.6;27.5;27.2
18/06/2011;647.057339;6;23.1;30.2;28.8;27.7;26.1
19/06/2011;580.192097;7;21.95;35;31.2;27.3;27.4
20/06/2011;725.850919;1;24.475;36.2;33.8;27;29.9
21/06/2011;760.769876;2;24.6;36.4;35;27.8;30.3
22/06/2011;759.31409;3;24.425;34;33;27.8;31.3
23/06/2011;710.125578;4;23.35;33;31.5;27.4;29.1
24/06/2011;687.576952;5;23.85;37.1;31.7;26.9;31.4
25/06/2011;662.937463;6;25.275;38.6;35.5;27.7;30.1
26/06/2011;618.599522;7;26.5;38.4;36.8;28.8;27
27/06/2011;772.613609;1;26.875;38;37.3;28.8;26
28/06/2011;792.76981;2;26.4;34.4;35.4;28.6;26.9
29/06/2011;782.872293;3;26.55;35.6;34.2;28.5;27.3
30/06/2011;774.7394;4;24.5;38;33.7;26.8;26.9
01/07/2011;767.798677;5;25.2;36.4;34.9;28.2;27.2
02/07/2011;689.473232;6;26.175;37.6;34.8;29.2;26.8
03/07/2011;612.928375;7;25.375;27.4;31.6;27.6;25.8
04/07/2011;722.511989;1;24.9;33;31;29.6;25.7
05/07/2011;764.075723;2;24.8;35.4;34.1;30.8;26.6
06/07/2011;776.05396;3;25.425;32.6;32.5;29.4;26
07/07/2011;760.61724;4;24;28.7;29.8;29.3;26.4
08/07/2011;751.688517;5;23.35;32.2;30.5;28;26.3
09/07/2011;670.417643;6;24.55;32;31.5;29;26.8
10/07/2011;605.863244;7;24.575;33.2;33;29.1;26.8
11/07/2011;753.003867;1;24.95;34;34.7;28.5;26.9
12/07/2011;771.515238;2;23.775;30.8;31.4;28;27
13/07/2011;745.354814;3;22.2;31.4;25.4;30.8;26.4
14/07/2011;739.106149;4;20.675;34;28.1;27;27.3
15/07/2011;746.312746;5;23.525;36.4;31.5;28.4;27.7
16/07/2011;670.671451;6;25.075;36;34.1;30.8;26.9
17/07/2011;601.142425;7;25.85;31.8;29.7;37.1;26.5
18/07/2011;711.762804;1;21.85;32;29.7;26.4;26.6
19/07/2011;730.343056;2;24.125;32.2;28.2;31.5;26.8
20/07/2011;731.715289;3;21.7;36.4;30.7;26.6;26.2
21/07/2011;746.627012;4;24.025;36.5;33.3;27.4;27.4
22/07/2011;730.347033;5;23.35;36.6;30.8;26.2;25.8
23/07/2011;638.534041;6;22.875;33.8;30.8;26.6;26.2
24/07/2011;571.8137;7;21.675;36.8;29.5;27.4;25.6
25/07/2011;659.429088;1;23.3;37.6;31.3;29.5;26.8
26/07/2011;737.140812;2;25.05;38.6;34.5;30.8;26.6
27/07/2011;740.498204;3;24.375;40;31.8;26;27.3
28/07/2011;742.686498;4;25.1;37.6;32.8;26.5;25.5
29/07/2011;735.883818;5;25.525;38;35.2;29;27.1
30/07/2011;645.615284;6;26.225;35.7;34.5;26.2;32.3
31/07/2011;577.729481;7;25.25;35;34.6;29;29.3
01/08/2011;701.970209;1;25.6;31;32.8;28.2;27.5
02/08/2011;705.941072;2;24.025;27;27.8;28.7;26.5
03/08/2011;712.336878;3;24.325;31.4;30.8;29;27
04/08/2011;725.267164;4;25.65;35.6;34.4;30;27.1
05/08/2011;724.455319;5;26.25;33.7;33.6;29.4;27.4
06/08/2011;651.02489;6;25.775;33;32.6;33.8;27.7
07/08/2011;592.994095;7;26.025;35;32.3;29.8;28
08/08/2011;698.010936;1;25.175;36.2;32.6;28.8;26.6
09/08/2011;704.730456;2;23.25;38.7;32.6;27.9;28.6
10/08/2011;708.856992;3;24.325;37.6;34.4;27.8;27.4
11/08/2011;716.689114;4;26.125;37.1;35.8;28;27.6
12/08/2011;709.67266;5;26.325;34;35.6;28.7;26.8
13/08/2011;634.23437;6;25.325;36.5;31.2;29;26.9
14/08/2011;583.539006;7;26.1;36.2;34;31.8;27.4
15/08/2011;597.717097;1;26.575;37.2;35.3;29.8;27.6
16/08/2011;708.102617;2;27.225;38.4;36.5;30.5;28.7
17/08/2011;725.809676;3;26.675;36;35.5;30.2;26.1
18/08/2011;728.209823;4;26.35;36.1;35;30.6;26.7
19/08/2011;737.946863;5;27.575;42;36;30.4;26.8
20/08/2011;679.372113;6;28.25;39.5;38.3;32.7;26.5
21/08/2011;612.641525;7;28.175;29.4;35.2;32.8;26.8
22/08/2011;714.881083;1;25.75;29.4;28.4;31;27.6
23/08/2011;739.023864;2;24.625;30.8;31;31;27.7
24/08/2011;744.617331;3;26.175;32;30.6;31;26.8
25/08/2011;744.944647;4;25.35;32;31.5;31.2;27.1
26/08/2011;727.120728;5;25.175;30;25.3;36.2;27.4
27/08/2011;626.285844;6;21.175;31.2;28.2;27.6;26.1
28/08/2011;582.494742;7;23.55;34.4;31.3;29;26.4
29/08/2011;722.19231;1;24.275;33;31.2;29.5;26.5
30/08/2011;747.006091;2;24.225;32;31.4;31.4;26.8
31/08/2011;754.909941;3;24.675;28;26.3;29.6;27.6
01/09/2011;747.246325;4;24.25;21.5;28.2;30;28.3
02/09/2011;724.979845;5;22.75;25;24.8;29.9;27.6
03/09/2011;626.360868;6;22.25;27.2;23.2;30;26.9
04/09/2011;571.976512;7;22.15;26.3;27;34;27.9
05/09/2011;702.921298;1;21.75;30.6;28;29.8;27.8
06/09/2011;733.116294;2;23.075;34.3;30.6;28.8;27.6
07/09/2011;749.304907;3;23.8;36.4;33;30;27.7
08/09/2011;741.073803;4;24.875;37;34;30.4;27.7
09/09/2011;734.53369;5;24.725;36.8;34.2;29.6;27.3
10/09/2011;661.263166;6;24.55;31.9;32;30;27
11/09/2011;597.998932;7;23.15;30.2;28.4;30.6;28.4
12/09/2011;737.84086;1;24.025;34.4;31.6;30;28
13/09/2011;762.365571;2;24.8;37.4;33.6;29.9;26.9
14/09/2011;771.542525;3;25.975;35.9;33;30.2;27.1
15/09/2011;767.912948;4;25.075;35.1;32.2;31;27.4
16/09/2011;761.238559;5;24.525;32;31.3;29.3;26.6
17/09/2011;665.728402;6;23.75;32;30.3;28.8;27.5
18/09/2011;586.965945;7;22.75;30.8;26.4;28.1;26.9
19/09/2011;691.485045;1;18.675;30.5;24;25.7;26.7
20/09/2011;710.699807;2;20.35;32.7;28;27.3;27
21/09/2011;720.109847;3;21.35;31.3;28.7;27.5;26.2
22/09/2011;729.325504;4;21.825;31.3;29.1;27.5;27.4
23/09/2011;715.362571;5;22.125;31.3;28;27.3;26
24/09/2011;619.582531;6;20.4;27.1;25.6;25.6;26.5
25/09/2011;560.318469;7;20.75;30.3;26.6;27;25.5
26/09/2011;694.931991;1;20.85;33.6;27.8;27.7;25.3
27/09/2011;720.276766;2;22.15;32.8;28.4;28.2;25.8
28/09/2011;717.484944;3;20.8;30.8;24.8;27.5;30.6
29/09/2011;713.520111;4;20.75;33;27;25.8;29.8
30/09/2011;709.74914;5;20.4;32.1;25.6;26.5;27
01/10/2011;625.185597;6;20.15;32.3;25.2;26.8;25.7
02/10/2011;565.398968;7;19.8;31.1;24.8;26.3;25.9
03/10/2011;693.593826;1;21.325;32.1;27.7;29;29.2
04/10/2011;709.07808;2;21.4;34.2;28.2;28.9;31.5
05/10/2011;716.676102;3;21.2;33.9;28.3;28.5;29.6
06/10/2011;720.184978;4;21.375;34.3;29.3;29;30.9
07/10/2011;703.188981;5;19.9;30.8;21.7;27.4;28.1
08/10/2011;611.103679;6;17.675;27.5;21;25.3;26.2
09/10/2011;552.508232;7;18;29;23.2;26;24.9
10/10/2011;675.566484;1;20.525;30.8;26.3;27.8;30.5
11/10/2011;690.797949;2;21.2;32.3;28.8;29.3;31.1
12/10/2011;583.40197;3;21.625;34.2;29.5;31;30.2
13/10/2011;683.721045;4;21.2;34.5;29.3;29.6;25.6
14/10/2011;690.335833;5;20.125;34.6;27;26.2;26.5
15/10/2011;610.588296;6;18.875;30.2;24.4;25.5;26.1
16/10/2011;553.234323;7;18.675;28.8;23.6;24.6;25.6
17/10/2011;678.648454;1;18.425;28.6;21;24.2;25.2
18/10/2011;693.533745;2;17.65;28;21.7;24.4;25
19/10/2011;698.379281;3;17.7;26.6;22.6;25;25.6
20/10/2011;696.715594;4;15.525;27.6;17.8;22.5;25.7
21/10/2011;693.222495;5;12.875;25.7;18.2;20.6;24.9
22/10/2011;610.539046;6;16.025;25.9;20.5;23.2;24.5
23/10/2011;556.550032;7;16.075;22.3;19.2;22.8;24.1
24/10/2011;672.785526;1;16.1;19.3;14.6;21.5;26.9
25/10/2011;676.946513;2;14.675;18.8;14.5;22.7;25.2
26/10/2011;701.105385;3;13.225;18.8;15;22.8;24.5
27/10/2011;705.868594;4;15.75;19.7;14.4;20.2;27.7
28/10/2011;696.559834;5;15.325;23.1;16.7;22.7;24.6
29/10/2011;617.699256;6;16.2;23.4;18;20.5;24.4
30/10/2011;580.485439;7;17.2;25.6;19.8;23;24.4
31/10/2011;619.57743;1;16.15;24.1;19.6;23.7;25.5
01/11/2011;563.316147;2;17.575;21.7;18.4;25;24.6
02/11/2011;682.717404;3;17.25;19.5;17;20.5;24.5
03/11/2011;700.726682;4;16.825;18.1;14.6;23.2;24.7
04/11/2011;703.14408;5;13.6;13.5;11.7;17.6;26.6
05/11/2011;627.802395;6;13.25;16.3;10.8;17.6;24
06/11/2011;579.641849;7;12.975;17.3;14;16.7;23.9
07/11/2011;701.329498;1;13.975;18.2;13.7;17.6;23.3
08/11/2011;718.194571;2;13.65;15.5;14.6;24;23.1
09/11/2011;712.644392;3;10.475;17.2;12.7;22.9;23.2
10/11/2011;716.593724;4;14.45;19.3;15.4;22.2;23.1
11/11/2011;707.403277;5;15.525;20.5;17.5;24;24.7
12/11/2011;622.705952;6;16.475;21.2;19.7;22.4;24.2
13/11/2011;571.031986;7;15.1;21.3;17;20.4;24.2
14/11/2011;701.61319;1;14.2;17.8;15.2;21;24.5
15/11/2011;717.783004;2;12.425;17.3;11.5;22;23.2
16/11/2011;719.682928;3;12.525;16.3;12.4;23.1;23.4
17/11/2011;723.07741;4;12.375;17.9;13;16.8;24
18/11/2011;721.228979;5;12.375;18.6;14.2;17.5;24.2
19/11/2011;642.250559;6;12.825;13.4;13.8;18;23.5
20/11/2011;583.206619;7;13.875;15.3;12.2;18.6;23
21/11/2011;708.02212;1;14.6;17.3;13.7;17.9;23
22/11/2011;732.498071;2;13.2;12.8;10.9;14.6;23.3
23/11/2011;728.537382;3;14.5;16.4;15.5;21.5;22
24/11/2011;729.980332;4;12.725;18.9;14.3;20.4;22
25/11/2011;725.493851;5;11.775;20.3;15.2;20.5;23
26/11/2011;647.248935;6;10.525;18.8;13.5;21;22.7
27/11/2011;603.696054;7;9.325;16.7;12.6;18.3;22.8
28/11/2011;742.143305;1;9.6;17.5;12;17.8;21.7
29/11/2011;758.664378;2;11.025;16.5;12.3;20.8;21.8
30/11/2011;759.551797;3;10.3;15.7;12.3;19;22.5
01/12/2011;756.331561;4;9.425;15.7;11.6;18.6;23.2
02/12/2011;753.868475;5;11.15;14.6;9.4;17.6;23.5
03/12/2011;674.425352;6;9.375;15.5;9.6;16;21.8
04/12/2011;618.718181;7;9.775;14.7;9.5;20.5;21.3
05/12/2011;710.10788;1;9.625;16.8;14.9;22.8;21.3
06/12/2011;650.264666;2;11.2;19;14;21.6;21.6
07/12/2011;711.794223;3;9.65;9.7;10;21;22.8
08/12/2011;638.886107;4;10.175;7.1;12.8;19.2;23.2
09/12/2011;703.520258;5;7.725;8.4;9.4;15.9;24.4
10/12/2011;672.157528;6;8.75;10.2;4.6;18.4;21.7
11/12/2011;637.212787;7;9;14.3;7.8;18;21
12/12/2011;761.819078;1;8.975;14.6;9.5;18.6;21.9
13/12/2011;775.488257;2;10;14.8;10.5;17.7;21.9
14/12/2011;767.963919;3;13.15;16.5;12.7;19.2;21.6
15/12/2011;768.996466;4;10.575;14.9;10.8;17.6;21.9
16/12/2011;771.62781;5;11.45;15.6;11.6;17.3;21.7
17/12/2011;685.522043;6;8.7;13.2;9.5;18.1;21.4
18/12/2011;648.526666;7;6;11.9;10.5;15.3;22.1
19/12/2011;781.956959;1;5.4;13;10.5;16.5;22
20/12/2011;794.921841;2;6.475;12.8;9.3;17.1;21.2
21/12/2011;770.065963;3;9.5;14.9;13.6;21.4;21.5
22/12/2011;748.088352;4;10.5;12.9;13.3;23.4;20.5
23/12/2011;723.539634;5;9.425;6;11.7;18.6;20.9
24/12/2011;623.410541;6;9.15;15;12;18.6;21.6
25/12/2011;548.739113;7;7.975;14.7;12.3;16.4;21.5
26/12/2011;632.985417;1;6.375;15.3;10;15.5;20.5
27/12/2011;708.91082;2;7.275;14.8;12.2;16.6;20.7
28/12/2011;714.151801;3;7.175;15.1;10.6;18.2;21.1
29/12/2011;712.641016;4;7.4;14.9;10;18.3;20.9
30/12/2011;701.809653;5;7.075;14;8.7;18.6;20.5
31/12/2011;629.916494;6;9;15.5;10.9;22.1;20.1
01/01/2012;555.944119;7;9.5;10.8;11.6;21;20.3
02/01/2012;684.281316;1;10.6;14.8;11.6;20.4;20.4
03/01/2012;737.111677;2;8;14.9;10.5;19.7;20.7
04/01/2012;747.756779;3;8.1;14.4;11.6;22.4;21.6
05/01/2012;719.720148;4;8.5;15.3;13;25.6;22.1
06/01/2012;599.871214;5;11.125;8.2;15;23;21.2
07/01/2012;642.601289;6;8.625;16.9;13.2;18.4;20.1
08/01/2012;628.654673;7;7.85;17.1;12.6;16.8;19.8
09/01/2012;767.295;1;8.225;16.8;13.1;18;21.4
10/01/2012;798.203204;2;6.825;15.9;10.8;17.9;21.3
11/01/2012;808.539829;3;7.3;15.8;12.2;14.4;20.8
12/01/2012;812.395864;4;6.775;13.5;9;17.5;20.4
13/01/2012;806.793128;5;5.85;14.9;8.6;15.4;20.6
14/01/2012;721.959156;6;5.275;15.1;9.4;15.5;21.8
15/01/2012;675.979777;7;4.6;13;5.3;17.8;23.6
16/01/2012;818.710981;1;6.075;10.6;5.6;11.8;20.9
17/01/2012;816.291761;2;8.4;15.6;10.6;15.5;20.2
18/01/2012;810.036987;3;7.25;15.6;10.5;16.8;20.4
19/01/2012;805.661873;4;7.6;16.1;12.2;17.2;20.1
20/01/2012;790.419914;5;9.475;16.3;14;19.8;19.7
21/01/2012;699.971893;6;10.475;16.6;13.5;20.4;20.3
22/01/2012;646.663924;7;10.025;17.7;13.5;18.5;20.9
23/01/2012;773.817986;1;8.25;16.2;12.8;18.2;20.2
24/01/2012;787.852909;2;9.425;16.9;13.4;17.9;19.4
25/01/2012;793.449706;3;8;13.2;12.5;15.6;20.7
26/01/2012;799.108996;4;6.95;12.2;9.6;15.4;21
27/01/2012;801.240458;5;7.65;10.9;8.9;14;20.5
28/01/2012;712.80395;6;7.275;14.8;10.2;14.5;18.9
29/01/2012;661.79272;7;6.125;14.6;8.8;14.8;19.3
30/01/2012;795.01821;1;5.175;14.4;10;14.6;20.5
31/01/2012;820.258554;2;5.95;15.5;12.1;17.6;19.7
01/02/2012;825.386085;3;4.85;13.7;11.7;19.5;20.1
02/02/2012;854.50364;4;2.45;10;3.8;11.7;20.3
03/02/2012;864.761122;5;1.625;9.7;3.6;11.5;20.6
04/02/2012;788.788103;6;1.9;9.7;5;10.6;18.4
05/02/2012;733.934019;7;3.35;15.4;10.1;12.3;19.1
06/02/2012;834.450884;1;7.775;18.5;13.6;16;19.8
07/02/2012;842.539875;2;6.85;17.6;9.8;14.7;20
08/02/2012;864.659856;3;2.775;10.8;4.3;10.3;20.1
09/02/2012;869.828348;4;3.75;11.3;9.3;12.4;20.4
10/02/2012;853.428915;5;4.825;14.4;10;14;19
11/02/2012;769.741468;6;3.125;13.5;7.6;12;18.2
12/02/2012;720.42427;7;1.775;9.7;5.7;10.6;19.2
13/02/2012;861.109999;1;3.025;12.7;7.3;11.8;19
14/02/2012;866.678608;2;5.25;15.2;9;14.5;18.8
15/02/2012;846.933274;3;6.3;14.7;11;16.1;18.9
16/02/2012;836.19114;4;7.125;16.1;10.2;16.2;18.5
17/02/2012;820.219008;5;7.9;15.5;12;15.5;20.5
18/02/2012;724.785003;6;6.725;17.2;12.7;16.8;19.6
19/02/2012;664.155999;7;7.025;17.5;13.4;16.7;19
20/02/2012;789.836963;1;7.975;16.7;11.5;14;20
21/02/2012;800.916706;2;5.7;16.9;12;14;20
22/02/2012;803.699551;3;7.1;18.7;14.6;17.6;19.9
23/02/2012;791.034684;4;8.7;20.6;16.2;19.7;19.7
24/02/2012;771.364699;5;10.175;20.7;17.7;19.8;19.3
25/02/2012;687.218219;6;9.95;21.6;18.6;18.8;18.6
26/02/2012;620.844073;7;13.075;21.7;20.4;25.6;19.1
27/02/2012;729.8848;1;11.65;19.5;18.8;17.8;20.3
28/02/2012;730.967429;2;11.1;21.4;18.6;17;20
29/02/2012;735.597356;3;11.5;22.2;19.5;17.3;20.3
01/03/2012;739.858689;4;11.275;19.1;19;17.2;19.8
02/03/2012;746.06874;5;9.275;17.8;11.6;16.6;19.8
03/03/2012;656.97202;6;11.125;18;15.1;23.5;19.5
04/03/2012;605.991692;7;11.85;19.6;15.4;23.5;20.1
05/03/2012;722.290964;1;11.4;19.8;14.3;17.8;20.1
06/03/2012;748.700568;2;8;18.6;13.6;18;21.3
07/03/2012;753.222425;3;8.9;19.4;14;15.6;20.5
08/03/2012;753.730693;4;9.6;24;17;20.5;22.6
09/03/2012;742.466892;5;10.65;22.4;21.2;15.4;21.6
10/03/2012;659.426752;6;10.375;21.7;15.7;18.6;20.2
11/03/2012;602.810943;7;11.575;24;19.8;20.4;19.6
12/03/2012;709.737855;1;12.775;25.2;22.2;18.2;20.2
13/03/2012;721.207522;2;13.3;26.5;22.3;20;20.4
14/03/2012;715.176903;3;14.25;28.4;24;19.4;20.3
15/03/2012;713.672459;4;12.55;21.8;23.2;16.5;20.7
16/03/2012;709.859572;5;12.2;19.9;18.3;17.2;23.8
17/03/2012;637.70405;6;10.725;17.2;15.6;24.6;23.8
18/03/2012;587.443153;7;12.5;16.9;13;22.6;17.8
19/03/2012;657.34686;1;10.125;18.2;13.6;16.6;21.1
20/03/2012;749.467171;2;8.75;17.7;11.6;10.8;20.4
21/03/2012;766.608748;3;7.475;17.2;5.6;14.9;21.2
22/03/2012;746.845629;4;10.625;21.5;14.7;18.8;24.4
23/03/2012;729.494774;5;11.05;26.2;18;18.8;26.7
24/03/2012;639.82543;6;12.675;19.5;19.8;18;22
25/03/2012;551.244069;7;13.325;24.1;21.2;19.7;21.8
26/03/2012;690.315092;1;12.8;25.4;19.7;20.2;23
27/03/2012;702.362446;2;13.15;24.6;20;19.4;21.9
28/03/2012;687.224885;3;14.45;24.7;21;20.6;23.3
29/03/2012;590.860843;4;13.85;23.3;21.7;21.4;22.2
30/03/2012;659.184537;5;15.225;23.9;22.8;26.2;23.6
31/03/2012;605.589748;6;14.075;22.3;19.8;24.3;22.5
01/04/2012;551.247343;7;15.375;19.6;22.6;20.7;22.3
02/04/2012;657.88784;1;14.75;19.6;19.6;18.6;20.5
03/04/2012;677.621131;2;13;16.7;17;20;22.7
04/04/2012;675.510268;3;11.7;14.9;10.5;19;20.4
05/04/2012;593.302083;4;12.375;16.8;13.5;20.2;20.3
06/04/2012;550.060429;5;10.7;15.3;10.6;18.4;20.6
07/04/2012;579.190051;6;10.125;18.3;10.6;19.6;20
08/04/2012;540.300221;7;12.6;23;18.7;22.9;22.5
09/04/2012;590.629763;1;13.65;26.5;21.6;18.4;19.9
10/04/2012;677.50919;2;14.275;18.6;17.2;26.7;21.1
11/04/2012;692.615952;3;13.175;16.5;16.7;23.5;19.9
12/04/2012;695.859449;4;13.125;17.2;16;18.3;23.7
13/04/2012;696.644246;5;16.2;17.6;15.5;20.8;21.4
14/04/2012;631.911686;6;12.375;16.9;15;21;21.9
15/04/2012;581.529319;7;10.975;17.7;13.7;20.4;22.4
16/04/2012;693.779006;1;11.925;19.8;13.4;20.2;21.7
17/04/2012;713.455164;2;11.275;22.4;19.6;20.2;21.2
18/04/2012;721.886489;3;12.85;17.2;12.5;23;21.5
19/04/2012;722.374458;4;14.525;17.9;14.6;23.1;21.4
20/04/2012;710.498129;5;15.1;18.3;18;23.6;22.3
21/04/2012;623.25915;6;14.975;20.9;19.4;26.8;21.7
22/04/2012;562.100933;7;14.575;19.3;19.6;19.3;21.6
23/04/2012;667.417251;1;14.15;20.7;19.4;26.2;22.6
24/04/2012;693.236065;2;15.05;20.2;17.1;20.8;22.4
25/04/2012;696.043698;3;13.9;20.7;18;23.3;21.9
26/04/2012;698.752464;4;15.7;14.5;15;27.3;21.8
27/04/2012;692.281784;5;16.025;13.2;20;20.6;22.8
28/04/2012;624.587551;6;14.15;17.9;10;20.7;22
29/04/2012;567.721433;7;12.675;16.8;13.6;22;23.3
30/04/2012;628.920844;1;12.95;18.5;14;22.1;21.4
01/05/2012;544.457385;2;11.95;19.1;13.6;21;20.6
02/05/2012;647.632594;3;13.675;18.5;18;19.8;20.9
03/05/2012;686.963471;4;13.85;20.5;17;22;21.6
04/05/2012;686.713837;5;15;20;15.6;24.4;21.3
05/05/2012;609.805699;6;15.3;18.6;16;21.2;23
06/05/2012;546.285501;7;15.525;21.3;18.7;22.2;23.2
07/05/2012;662.514246;1;14.95;21.7;19;27.2;23.1
08/05/2012;686.767864;2;18.375;26.5;23;31.6;24.2
09/05/2012;679.52616;3;18.675;31.8;27;24;25.2
10/05/2012;681.060141;4;20.65;35.1;30.7;25;27.3
11/05/2012;683.833416;5;22.25;34.3;31.6;27;30.3
12/05/2012;613.510509;6;23.225;35.3;32.6;28.5;27.7
13/05/2012;562.446829;7;22.2;35.6;32.5;29.4;30
14/05/2012;673.945491;1;21.125;33.9;31.1;23.7;34.5
15/05/2012;680.379697;2;21.175;33.9;28.8;24;33.9
16/05/2012;689.166039;3;18.925;36.2;28.5;22;26.7
17/05/2012;691.036088;4;20.05;30.7;28.4;22;25.1
18/05/2012;682.673689;5;20.025;27.8;27.7;22.4;24.4
19/05/2012;600.00415;6;18.35;19.9;18.7;25.4;24.3
20/05/2012;541.546858;7;16.325;17.4;15.5;24.7;24.3
21/05/2012;654.740531;1;14.875;21.1;17.8;25.6;22.4
22/05/2012;680.34309;2;18.45;27.9;24.2;30.4;23.2
23/05/2012;677.513307;3;20.5;31.4;28.7;26.4;23.4
24/05/2012;681.846269;4;21.175;33.7;30.6;24.3;24.5
25/05/2012;680.521946;5;22.275;28.9;30.4;24.4;24.7
26/05/2012;600.31719;6;20.55;24.6;25.2;26;23.7
27/05/2012;544.659674;7;20.225;27.8;26.6;24.3;24.3
28/05/2012;652.572902;1;22.425;30.7;29.6;24.8;25
29/05/2012;686.76145;2;22.7;29.5;29;26.9;25.7
30/05/2012;696.913408;3;23.15;33.5;31.2;26.4;25.8
31/05/2012;704.951893;4;24.25;36;34.3;27.6;24.5
01/06/2012;706.226817;5;24.175;34.4;34.5;29.6;24.4
02/06/2012;627.821488;6;23.575;28.4;29.5;28.6;25.1
03/06/2012;562.779228;7;23.8;30;27.4;27.5;25.8
04/06/2012;684.560672;1;21.925;32.4;30;26;26.5
05/06/2012;716.537278;2;23.575;33.1;31.9;26.4;26.8
06/06/2012;727.789398;3;24.1;31.4;30.4;28.7;27.3
07/06/2012;715.446984;4;23.825;28.7;26.8;27.1;27.7
08/06/2012;699.20454;5;21.625;26.1;23.7;27;24.5
09/06/2012;619.59275;6;21;28.5;27.2;26.7;25.1
10/06/2012;574.49266;7;23.525;29.1;28.6;36.2;26.9
11/06/2012;694.376351;1;21.75;26.5;25.8;33;27.1
12/06/2012;695.726845;2;19.5;27.8;24.4;30;24.7
13/06/2012;700.176818;3;20.275;30.9;27.5;24.6;24.9
14/06/2012;708.752531;4;22.4;30.5;30.8;25.4;25
15/06/2012;713.443526;5;23;31.9;31.8;26.7;25.4
16/06/2012;635.554229;6;23.225;30.5;31.6;27.2;26.1
17/06/2012;580.188947;7;23.95;32.6;32.4;26.2;27.2
18/06/2012;701.712509;1;23.75;29.2;31.5;26.7;27.1
19/06/2012;713.182771;2;23.525;29.7;25.2;26.9;26
20/06/2012;714.753779;3;24;31.9;29.4;30.6;25.5
21/06/2012;722.168477;4;24.5;30;29.6;37;25.7
22/06/2012;715.097219;5;24.15;33.4;32;26.2;26.5
23/06/2012;647.078593;6;25.25;35.8;34.4;26.4;26.5
24/06/2012;592.94826;7;26.35;39.8;36.5;28.4;26.6
25/06/2012;733.286038;1;27;39.6;37.8;30.3;29.8
26/06/2012;774.330401;2;28.85;40.7;38.8;29.5;30.2
27/06/2012;791.19181;3;28.65;40.2;37.2;29;31.6
28/06/2012;790.386387;4;28.55;35.5;35.4;31.3;27.7
29/06/2012;757.499111;5;26.75;28.8;31;30.1;26.6
30/06/2012;660.393508;6;24.6;28;27.3;28.8;26.6
01/07/2012;585.692039;7;23.375;30.5;26.8;27.3;25.6
02/07/2012;687.6362;1;21.35;34.4;30.3;26.6;26.1
03/07/2012;719.326282;2;24.1;35.8;33.7;27.4;27.4
04/07/2012;733.108661;3;24.825;31.9;32.4;29.5;26
05/07/2012;727.746445;4;23.925;31;29.3;28.1;26
06/07/2012;713.539411;5;23.25;31.9;30.2;27.8;25.4
07/07/2012;644.506582;6;23.95;30;32;28.4;25.6
08/07/2012;581.96564;7;24.5;32.3;32.1;29;25.4
09/07/2012;710.497688;1;24.225;31.7;32.8;29.1;25.7
10/07/2012;732.911392;2;24.425;30.5;30.9;29.7;25.7
11/07/2012;732.710194;3;24.55;31.2;32;29.5;25.7
12/07/2012;734.034566;4;24.45;35.1;33;28.5;26.6
13/07/2012;751.741561;5;26.425;35.8;35.5;32.5;26.9
14/07/2012;659.047035;6;25.75;32.8;32.4;30;27.4
15/07/2012;586.745003;7;24.675;35.6;31.3;28.9;27.8
16/07/2012;713.049766;1;25.75;38.6;33;28.6;29.4
17/07/2012;747.747966;2;26.825;40.5;36;29.8;32.8
18/07/2012;762.868774;3;27.4;40.8;37.8;34.2;33
19/07/2012;766.893358;4;28.5;41.3;38;33.7;32.7
20/07/2012;755.183362;5;26.55;35.9;35.5;30;30.2
21/07/2012;664.001108;6;26.6;37.1;34.3;29.7;29.2
22/07/2012;600.371163;7;26.65;39.1;35;29.2;28.7
23/07/2012;721.045053;1;25.6;38.8;35.2;28.8;27.5
24/07/2012;732.445998;2;26;34.5;33.7;28.2;26.5
25/07/2012;727.997465;3;26.875;36.3;35.6;29.2;26.7
26/07/2012;735.897076;4;27.025;34.5;34.7;30.4;27.2
27/07/2012;722.185363;5;26.5;30.5;31.8;28.8;27.3
28/07/2012;635.855076;6;26.225;32;31.2;29.8;27.7
29/07/2012;575.99677;7;25.85;34.7;33;29.6;25.7
30/07/2012;697.850238;1;27.3;37.6;35.2;30;27.6
31/07/2012;716.469418;2;27.05;37.1;36.2;30.5;29
01/08/2012;736.21816;3;26.625;34.4;34.7;31;28.1
02/08/2012;733.352388;4;26.775;35.4;34.6;30.3;28.6
03/08/2012;718.503329;5;27.225;35.7;35.4;30;29.5
04/08/2012;634.771899;6;26.55;34.5;33.2;29.5;29.1
05/08/2012;568.712564;7;25.1;28.7;29.6;31.5;26.8
06/08/2012;657.038281;1;23.65;31.3;29;30.6;27.7
07/08/2012;680.076971;2;25.55;36.3;33.3;29.4;25.5
08/08/2012;699.881167;3;26.5;36.5;34.2;30.6;26.3
09/08/2012;727.271769;4;28.85;39.6;38.2;30.8;27
10/08/2012;739.459315;5;29.5;43.3;40.6;30.4;29.2
11/08/2012;670.398155;6;29;36.1;38.5;31.2;30.2
12/08/2012;592.98802;7;26.575;32.5;32.6;30.5;29.9
13/08/2012;675.303724;1;26.275;33;32;30.8;27.7
14/08/2012;686.447745;2;26.35;32.6;31.7;30.9;25.9
15/08/2012;597.314971;3;26.4;25.7;26;38.2;27.2
16/08/2012;675.027092;4;27.125;34;32;32;26.9
17/08/2012;698.235855;5;28.175;38.4;37.7;30.3;27.5
18/08/2012;648.772588;6;28.85;37.9;37.4;31;27.8
19/08/2012;609.682906;7;30.2;37.5;34.7;31.5;28.1
20/08/2012;734.038891;1;30.625;40;37.6;32.8;30.6
21/08/2012;761.106669;2;29.525;39.7;37.2;32.8;32.4
22/08/2012;765.367979;3;29.275;37.1;37.5;31.6;31.8
23/08/2012;750.274137;4;28.725;33.7;33.7;31.5;30.4
24/08/2012;732.827531;5;26.7;31.4;30.8;32.4;26.8
25/08/2012;653.626592;6;27.625;32;30.5;34.3;27.7
26/08/2012;589.70196;7;25.725;33.9;31.6;29.6;30.8
27/08/2012;718.15689;1;27;32.9;33.2;30.6;28.2
28/08/2012;741.103467;2;27.1;33.8;32.6;31.1;28
29/08/2012;747.048612;3;26.45;31.7;30.8;31.2;30.1
30/08/2012;728.633731;4;26.775;33.2;31;30.6;30.5
31/08/2012;693.096254;5;22.1;33.2;27.2;29;29.8
01/09/2012;613.130924;6;20.6;32.9;26;26.5;30.2
02/09/2012;559.231533;7;20.225;32.7;26.5;25.8;29.4
03/09/2012;674.133484;1;22.7;32.8;28.6;29.5;30
04/09/2012;700.807282;2;23.775;33.8;28.3;29.4;26.9
05/09/2012;710.630675;3;24.8;35.1;30;28.5;26.9
06/09/2012;720.12178;4;25.675;35.9;31.6;29.5;26.5
07/09/2012;718.414113;5;25.325;34.3;31.5;29.5;26.2
08/09/2012;634.259665;6;24.675;32.1;32;29.7;27
09/09/2012;577.688372;7;24.725;29.9;29.2;30.1;26.6
10/09/2012;682.683449;1;24.725;30.3;28;28.3;26.7
11/09/2012;687.556975;2;24.225;32.5;29.8;28.6;27.1
12/09/2012;722.588425;3;25.275;36;32;29.9;26.7
13/09/2012;710.438915;4;22.075;33.1;26.2;27.8;27
14/09/2012;696.517118;5;22.45;35;29.6;25.4;26.6
15/09/2012;619.988087;6;22.95;36.2;32.6;28.4;25.8
16/09/2012;570.072792;7;23.325;33.9;33;28.3;26
17/09/2012;694.145968;1;23.525;31.3;29.6;28;26.6
18/09/2012;716.547781;2;22.95;34.4;29.3;27.9;28.4
19/09/2012;717.302058;3;23.525;33.7;29.5;27.8;28.9
20/09/2012;709.026008;4;23.5;31.4;29;27.2;27.7
21/09/2012;703.693384;5;23.025;30.5;28.4;27.2;25.7
22/09/2012;624.659038;6;23.125;33.7;29;27.4;24.4
23/09/2012;567.66299;7;23.175;23.9;26.7;30.4;33
24/09/2012;662.843019;1;22.375;24.5;21.3;31.3;25.7
25/09/2012;677.89181;2;19.725;24.1;17.8;29.6;27.2
26/09/2012;658.135351;3;18.775;22.9;18.6;26.5;28.6
27/09/2012;658.739147;4;15.725;17.6;17.2;20.2;28.8
28/09/2012;661.476675;5;17.825;18.3;16.2;20.5;26.8
29/09/2012;578.69186;6;18.675;25.2;19;23.6;26.8
30/09/2012;526.591554;7;16.65;25.9;19;25.1;27
01/10/2012;635.976879;1;17.525;27.4;21;27.8;27.5
02/10/2012;660.692684;2;17.45;28.1;22.6;25.7;26.9
03/10/2012;666.564693;3;18.225;28.4;23.4;25.4;26.9
04/10/2012;672.896964;4;19.375;29.3;23.8;26;25.3
05/10/2012;667.730933;5;19.725;30.9;25;26.2;25.5
06/10/2012;592.971484;6;18.65;26.1;23.2;25.6;25.9
07/10/2012;543.40436;7;21.525;29.9;25.2;29.4;26.5
08/10/2012;661.918635;1;21.6;31.3;27.6;29;27.8
09/10/2012;669.756748;2;21.725;30.9;27.2;30.6;27.6
10/10/2012;684.36194;3;22.25;29.6;25.2;27.6;29.4
11/10/2012;671.403392;4;21.425;24.2;22.6;30;27.7
12/10/2012;554.10439;5;18.1;25.1;19.5;25.4;27.3
13/10/2012;553.715235;6;17.575;25;20.2;23.4;26.9
14/10/2012;528.683759;7;16.1;22.5;18;27.4;26.8
15/10/2012;636.762294;1;14.525;22.4;16.4;23;26.9
16/10/2012;658.647321;2;14.5;24.3;18.2;25.8;26.4
17/10/2012;664.703604;3;16.9;25.2;21.4;23.6;27.1
18/10/2012;675.005104;4;19.175;18;19.9;25;26.2
19/10/2012;673.909103;5;17.65;17.8;14;25.5;25.8
20/10/2012;593.54431;6;18.25;20.8;17;22;24.7
21/10/2012;539.710791;7;16.225;18.8;14.7;21.3;24.5
22/10/2012;649.073681;1;16;22.9;17.6;24.3;25.2
23/10/2012;664.50102;2;17.3;27.5;20.6;24.7;26.7
24/10/2012;667.710259;3;16.375;20.5;18.5;23;27
25/10/2012;658.915525;4;17.25;20.7;18;22.6;26
26/10/2012;648.873146;5;16.925;21.8;17;22.5;25.3
27/10/2012;581.289308;6;16.175;22.1;16.4;24.5;27.6
28/10/2012;562.394231;7;9.75;16.6;11.5;18.2;26.1
29/10/2012;664.91396;1;8.65;19.5;11.7;17.8;27.5
30/10/2012;703.100067;2;8.45;19;8.5;15.5;29.3
31/10/2012;690.829069;3;11.45;19.3;10.5;21.5;28.7
01/11/2012;584.258456;4;12.475;20.1;14.5;22.6;28.5
02/11/2012;623.669646;5;14.45;19.9;14.8;23.6;26.3
03/11/2012;596.125518;6;14.75;22.9;12.7;21.7;27.7
04/11/2012;558.288099;7;14.65;20.1;13.9;27.8;26.8
05/11/2012;674.272563;1;12.125;16.1;13;22.2;28.8
06/11/2012;705.929763;2;11.225;18.6;12.9;16.6;27
07/11/2012;724.633328;3;9.5;17.9;10.6;15;25.6
08/11/2012;717.524331;4;11.475;17;12.5;19.7;23.8
09/11/2012;699.857997;5;14.225;17.4;15.6;16.8;24.7
10/11/2012;624.976006;6;13.625;16.8;12.9;20.8;24.8
11/11/2012;586.696361;7;11.025;15;11;14.8;25.1
12/11/2012;705.522713;1;11.275;17.2;13;19.5;23.6
13/11/2012;718.48857;2;11.35;18.3;15.6;17.4;23.7
14/11/2012;636.549598;3;15.875;20.4;19.4;17.8;23.3
15/11/2012;692.210088;4;14.275;22.6;19.6;20.2;22.9
16/11/2012;695.160059;5;14.275;20.8;15;21;24.3
17/11/2012;624.994513;6;13.6;17.6;12.3;20.6;25.6
18/11/2012;571.496574;7;14.125;19.3;14.3;19.8;23.5
19/11/2012;691.046115;1;12.9;16.2;14.6;21;23.3
20/11/2012;713.133283;2;11.025;15.8;11.8;23.3;23.3
21/11/2012;713.2887;3;12.325;16.5;12.7;19.2;24.1
22/11/2012;715.058592;4;12.475;17.1;13.9;15;23.7
23/11/2012;709.730732;5;11.25;16.9;14.2;19.1;23.4
24/11/2012;629.660919;6;12.5;19.8;13.9;19.9;27.1
25/11/2012;578.202099;7;13.275;19.5;14.2;18.6;27.9
26/11/2012;702.99565;1;13.425;15.2;12.4;20.9;26.4
27/11/2012;740.280642;2;8.75;13.1;8.4;16.2;23.1
28/11/2012;757.340541;3;7.225;13.9;8.2;17.9;22.3
29/11/2012;757.329072;4;9.25;13.4;8.4;16.5;21.9
30/11/2012;765.435708;5;7.575;10;7.6;16.2;22.4
